PLAYER_LOCATION,1264,3/14/2024 9:21:40 AM,00bffcf5-e140-49f9-954d-d3d78a72b521,1.4,"(1.9, 1.8, 1.2)","(0.0, 0.0, 0.0)","(0.0, 0.0, 0.0)",
PLAYER_LOCATION,1264,3/14/2024 9:21:40 AM,00bffcf5-e140-49f9-954d-d3d78a72b521,1.4,"(1.9, 1.8, 1.2)","(0.0, 0.0, 0.0)","(0.0, 0.0, 0.0)",
PLAYER_LOCATION,2022,3/14/2024 9:21:41 AM,00bffcf5-e140-49f9-954d-d3d78a72b521,1.4,"(1.9, 1.8, 1.2)","(0.0, 0.0, 0.0)","(0.0, 0.0, 0.0)",
PLAYER_LOCATION,2022,3/14/2024 9:21:41 AM,00bffcf5-e140-49f9-954d-d3d78a72b521,1.4,"(1.9, 1.8, 1.2)","(0.0, 0.0, 0.0)","(0.0, 0.0, 0.0)",
PLAYER_LOCATION,2263,3/14/2024 9:21:41 AM,00bffcf5-e140-49f9-954d-d3d78a72b521,1.4,"(1.9, 1.8, 1.2)","(0.0, 0.0, 0.0)","(0.0, 0.0, 0.0)",
PLAYER_LOCATION,2263,3/14/2024 9:21:41 AM,00bffcf5-e140-49f9-954d-d3d78a72b521,1.4,"(1.9, 1.8, 1.2)","(0.0, 0.0, 0.0)","(0.0, 0.0, 0.0)",
PLAYER_LOCATION,2764,3/14/2024 9:21:42 AM,00bffcf5-e140-49f9-954d-d3d78a72b521,1.4,"(1.9, 1.8, 1.2)","(0.0, 0.0, 0.0)","(0.0, 0.0, 0.0)",
PLAYER_LOCATION,2764,3/14/2024 9:21:42 AM,00bffcf5-e140-49f9-954d-d3d78a72b521,1.4,"(1.9, 1.8, 1.2)","(0.0, 0.0, 0.0)","(0.0, 0.0, 0.0)",
PLAYER_LOCATION,3265,3/14/2024 9:21:42 AM,00bffcf5-e140-49f9-954d-d3d78a72b521,1.4,"(1.9, 1.8, 1.2)","(0.0, 0.0, 0.0)","(0.0, 0.0, 0.0)",
PLAYER_LOCATION,3265,3/14/2024 9:21:42 AM,00bffcf5-e140-49f9-954d-d3d78a72b521,1.4,"(1.9, 1.8, 1.2)","(0.0, 0.0, 0.0)","(0.0, 0.0, 0.0)",
PLAYER_LOCATION,3766,3/14/2024 9:21:43 AM,00bffcf5-e140-49f9-954d-d3d78a72b521,1.4,"(1.9, 1.8, 1.2)","(0.0, 0.0, 0.0)","(0.0, 0.0, 0.0)",
PLAYER_LOCATION,3766,3/14/2024 9:21:43 AM,00bffcf5-e140-49f9-954d-d3d78a72b521,1.4,"(1.9, 1.8, 1.2)","(0.0, 0.0, 0.0)","(0.0, 0.0, 0.0)",
PLAYER_LOCATION,4266,3/14/2024 9:21:43 AM,00bffcf5-e140-49f9-954d-d3d78a72b521,1.4,"(1.9, 1.8, 1.2)","(0.0, 0.0, 0.0)","(0.0, 0.0, 0.0)",
PLAYER_LOCATION,4266,3/14/2024 9:21:43 AM,00bffcf5-e140-49f9-954d-d3d78a72b521,1.4,"(1.9, 1.8, 1.2)","(0.0, 0.0, 0.0)","(0.0, 0.0, 0.0)",
PLAYER_LOCATION,4767,3/14/2024 9:21:44 AM,00bffcf5-e140-49f9-954d-d3d78a72b521,1.4,"(1.9, 1.8, 1.2)","(0.0, 0.0, 0.0)","(0.0, 0.0, 0.0)",
PLAYER_LOCATION,4767,3/14/2024 9:21:44 AM,00bffcf5-e140-49f9-954d-d3d78a72b521,1.4,"(1.9, 1.8, 1.2)","(0.0, 0.0, 0.0)","(0.0, 0.0, 0.0)",
PLAYER_LOCATION,5267,3/14/2024 9:21:44 AM,00bffcf5-e140-49f9-954d-d3d78a72b521,1.4,"(1.9, 1.8, 1.2)","(0.0, 0.0, 0.0)","(0.0, 0.0, 0.0)",
PLAYER_LOCATION,5267,3/14/2024 9:21:44 AM,00bffcf5-e140-49f9-954d-d3d78a72b521,1.4,"(1.9, 1.8, 1.2)","(0.0, 0.0, 0.0)","(0.0, 0.0, 0.0)",
PLAYER_LOCATION,5769,3/14/2024 9:21:45 AM,00bffcf5-e140-49f9-954d-d3d78a72b521,1.4,"(1.9, 1.8, 1.2)","(0.0, 0.0, 0.0)","(0.0, 0.0, 0.0)",
PLAYER_LOCATION,5769,3/14/2024 9:21:45 AM,00bffcf5-e140-49f9-954d-d3d78a72b521,1.4,"(1.9, 1.8, 1.2)","(0.0, 0.0, 0.0)","(0.0, 0.0, 0.0)",
PLAYER_LOCATION,6269,3/14/2024 9:21:45 AM,00bffcf5-e140-49f9-954d-d3d78a72b521,1.4,"(1.9, 1.8, 1.2)","(0.0, 0.0, 0.0)","(0.0, 0.0, 0.0)",
PLAYER_LOCATION,6269,3/14/2024 9:21:45 AM,00bffcf5-e140-49f9-954d-d3d78a72b521,1.4,"(1.9, 1.8, 1.2)","(0.0, 0.0, 0.0)","(0.0, 0.0, 0.0)",
PLAYER_LOCATION,6771,3/14/2024 9:21:46 AM,00bffcf5-e140-49f9-954d-d3d78a72b521,1.4,"(1.9, 1.8, 1.2)","(0.0, 0.0, 0.0)","(0.0, 0.0, 0.0)",
PLAYER_LOCATION,6771,3/14/2024 9:21:46 AM,00bffcf5-e140-49f9-954d-d3d78a72b521,1.4,"(1.9, 1.8, 1.2)","(0.0, 0.0, 0.0)","(0.0, 0.0, 0.0)",
PLAYER_LOCATION,7272,3/14/2024 9:21:46 AM,00bffcf5-e140-49f9-954d-d3d78a72b521,1.4,"(1.9, 1.8, 1.2)","(0.0, 0.0, 0.0)","(0.0, 0.0, 0.0)",
PLAYER_LOCATION,7272,3/14/2024 9:21:46 AM,00bffcf5-e140-49f9-954d-d3d78a72b521,1.4,"(1.9, 1.8, 1.2)","(0.0, 0.0, 0.0)","(0.0, 0.0, 0.0)",
PLAYER_LOCATION,7773,3/14/2024 9:21:47 AM,00bffcf5-e140-49f9-954d-d3d78a72b521,1.4,"(1.9, 1.8, 1.2)","(0.0, 0.0, 0.0)","(0.0, 0.0, 0.0)",
PLAYER_LOCATION,7773,3/14/2024 9:21:47 AM,00bffcf5-e140-49f9-954d-d3d78a72b521,1.4,"(1.9, 1.8, 1.2)","(0.0, 0.0, 0.0)","(0.0, 0.0, 0.0)",
PLAYER_LOCATION,8273,3/14/2024 9:21:47 AM,00bffcf5-e140-49f9-954d-d3d78a72b521,1.4,"(1.9, 1.8, 1.2)","(0.0, 0.0, 0.0)","(0.0, 0.0, 0.0)",
PLAYER_LOCATION,8273,3/14/2024 9:21:47 AM,00bffcf5-e140-49f9-954d-d3d78a72b521,1.4,"(1.9, 1.8, 1.2)","(0.0, 0.0, 0.0)","(0.0, 0.0, 0.0)",
PLAYER_LOCATION,8774,3/14/2024 9:21:48 AM,00bffcf5-e140-49f9-954d-d3d78a72b521,1.4,"(1.9, 1.8, 1.2)","(0.0, 0.0, 0.0)","(0.0, 0.0, 0.0)",
PLAYER_LOCATION,8774,3/14/2024 9:21:48 AM,00bffcf5-e140-49f9-954d-d3d78a72b521,1.4,"(1.9, 1.8, 1.2)","(0.0, 0.0, 0.0)","(0.0, 0.0, 0.0)",
PLAYER_LOCATION,9274,3/14/2024 9:21:48 AM,00bffcf5-e140-49f9-954d-d3d78a72b521,1.4,"(1.9, 1.8, 1.2)","(0.0, 0.0, 0.0)","(0.0, 0.0, 0.0)",
PLAYER_LOCATION,9274,3/14/2024 9:21:48 AM,00bffcf5-e140-49f9-954d-d3d78a72b521,1.4,"(1.9, 1.8, 1.2)","(0.0, 0.0, 0.0)","(0.0, 0.0, 0.0)",
PLAYER_LOCATION,9780,3/14/2024 9:21:49 AM,00bffcf5-e140-49f9-954d-d3d78a72b521,1.4,"(1.9, 1.8, 1.2)","(0.0, 0.0, 0.0)","(0.0, 0.0, 0.0)",
PLAYER_LOCATION,9780,3/14/2024 9:21:49 AM,00bffcf5-e140-49f9-954d-d3d78a72b521,1.4,"(1.9, 1.8, 1.2)","(0.0, 0.0, 0.0)","(0.0, 0.0, 0.0)",
PLAYER_LOCATION,10280,3/14/2024 9:21:49 AM,00bffcf5-e140-49f9-954d-d3d78a72b521,1.4,"(1.9, 1.8, 1.2)","(0.0, 0.0, 0.0)","(0.0, 0.0, 0.0)",
PLAYER_LOCATION,10280,3/14/2024 9:21:49 AM,00bffcf5-e140-49f9-954d-d3d78a72b521,1.4,"(1.9, 1.8, 1.2)","(0.0, 0.0, 0.0)","(0.0, 0.0, 0.0)",
PLAYER_LOCATION,10782,3/14/2024 9:21:50 AM,00bffcf5-e140-49f9-954d-d3d78a72b521,1.4,"(1.9, 1.8, 1.2)","(0.0, 0.0, 0.0)","(0.0, 0.0, 0.0)",
PLAYER_LOCATION,10782,3/14/2024 9:21:50 AM,00bffcf5-e140-49f9-954d-d3d78a72b521,1.4,"(1.9, 1.8, 1.2)","(0.0, 0.0, 0.0)","(0.0, 0.0, 0.0)",
PLAYER_LOCATION,11282,3/14/2024 9:21:50 AM,00bffcf5-e140-49f9-954d-d3d78a72b521,1.4,"(1.9, 1.8, 1.2)","(0.0, 0.0, 0.0)","(0.0, 0.0, 0.0)",
PLAYER_LOCATION,11282,3/14/2024 9:21:50 AM,00bffcf5-e140-49f9-954d-d3d78a72b521,1.4,"(1.9, 1.8, 1.2)","(0.0, 0.0, 0.0)","(0.0, 0.0, 0.0)",
PLAYER_LOCATION,11783,3/14/2024 9:21:51 AM,00bffcf5-e140-49f9-954d-d3d78a72b521,1.4,"(1.9, 1.8, 1.2)","(0.0, 0.0, 0.0)","(0.0, 0.0, 0.0)",
PLAYER_LOCATION,11783,3/14/2024 9:21:51 AM,00bffcf5-e140-49f9-954d-d3d78a72b521,1.4,"(1.9, 1.8, 1.2)","(0.0, 0.0, 0.0)","(0.0, 0.0, 0.0)",
PLAYER_LOCATION,12282,3/14/2024 9:21:51 AM,00bffcf5-e140-49f9-954d-d3d78a72b521,1.4,"(1.9, 1.8, 1.2)","(0.0, 0.0, 0.0)","(0.0, 0.0, 0.0)",
PLAYER_LOCATION,12282,3/14/2024 9:21:51 AM,00bffcf5-e140-49f9-954d-d3d78a72b521,1.4,"(1.9, 1.8, 1.2)","(0.0, 0.0, 0.0)","(0.0, 0.0, 0.0)",
PLAYER_LOCATION,12783,3/14/2024 9:21:52 AM,00bffcf5-e140-49f9-954d-d3d78a72b521,1.4,"(1.9, 1.8, 1.2)","(0.0, 0.0, 0.0)","(0.0, 0.0, 0.0)",
PLAYER_LOCATION,12783,3/14/2024 9:21:52 AM,00bffcf5-e140-49f9-954d-d3d78a72b521,1.4,"(1.9, 1.8, 1.2)","(0.0, 0.0, 0.0)","(0.0, 0.0, 0.0)",
PLAYER_LOCATION,13285,3/14/2024 9:21:52 AM,00bffcf5-e140-49f9-954d-d3d78a72b521,1.4,"(1.9, 1.8, 1.2)","(0.0, 0.0, 0.0)","(0.0, 0.0, 0.0)",
PLAYER_LOCATION,13285,3/14/2024 9:21:52 AM,00bffcf5-e140-49f9-954d-d3d78a72b521,1.4,"(1.9, 1.8, 1.2)","(0.0, 0.0, 0.0)","(0.0, 0.0, 0.0)",
PLAYER_LOCATION,13785,3/14/2024 9:21:53 AM,00bffcf5-e140-49f9-954d-d3d78a72b521,1.4,"(1.9, 1.8, 1.2)","(0.0, 0.0, 0.0)","(0.0, 0.0, 0.0)",
PLAYER_LOCATION,13785,3/14/2024 9:21:53 AM,00bffcf5-e140-49f9-954d-d3d78a72b521,1.4,"(1.9, 1.8, 1.2)","(0.0, 0.0, 0.0)","(0.0, 0.0, 0.0)",
PLAYER_LOCATION,14286,3/14/2024 9:21:53 AM,00bffcf5-e140-49f9-954d-d3d78a72b521,1.4,"(1.9, 1.8, 1.2)","(0.0, 0.0, 0.0)","(0.0, 0.0, 0.0)",
PLAYER_LOCATION,14286,3/14/2024 9:21:53 AM,00bffcf5-e140-49f9-954d-d3d78a72b521,1.4,"(1.9, 1.8, 1.2)","(0.0, 0.0, 0.0)","(0.0, 0.0, 0.0)",
PLAYER_LOCATION,14787,3/14/2024 9:21:54 AM,00bffcf5-e140-49f9-954d-d3d78a72b521,1.4,"(1.9, 1.8, 1.2)","(0.0, 0.0, 0.0)","(0.0, 0.0, 0.0)",
PLAYER_LOCATION,14787,3/14/2024 9:21:54 AM,00bffcf5-e140-49f9-954d-d3d78a72b521,1.4,"(1.9, 1.8, 1.2)","(0.0, 0.0, 0.0)","(0.0, 0.0, 0.0)",
PLAYER_LOCATION,15289,3/14/2024 9:21:54 AM,00bffcf5-e140-49f9-954d-d3d78a72b521,1.4,"(1.9, 1.8, 1.2)","(0.0, 0.0, 0.0)","(0.0, 0.0, 0.0)",
PLAYER_LOCATION,15289,3/14/2024 9:21:54 AM,00bffcf5-e140-49f9-954d-d3d78a72b521,1.4,"(1.9, 1.8, 1.2)","(0.0, 0.0, 0.0)","(0.0, 0.0, 0.0)",
PLAYER_LOCATION,15795,3/14/2024 9:21:55 AM,00bffcf5-e140-49f9-954d-d3d78a72b521,1.4,"(1.9, 1.8, 1.2)","(0.0, 0.0, 0.0)","(0.0, 0.0, 0.0)",
PLAYER_LOCATION,15795,3/14/2024 9:21:55 AM,00bffcf5-e140-49f9-954d-d3d78a72b521,1.4,"(1.9, 1.8, 1.2)","(0.0, 0.0, 0.0)","(0.0, 0.0, 0.0)",
PLAYER_LOCATION,16296,3/14/2024 9:21:55 AM,00bffcf5-e140-49f9-954d-d3d78a72b521,1.4,"(1.9, 1.8, 1.2)","(0.0, 0.0, 0.0)","(0.0, 0.0, 0.0)",
PLAYER_LOCATION,16296,3/14/2024 9:21:55 AM,00bffcf5-e140-49f9-954d-d3d78a72b521,1.4,"(1.9, 1.8, 1.2)","(0.0, 0.0, 0.0)","(0.0, 0.0, 0.0)",
PLAYER_LOCATION,16797,3/14/2024 9:21:56 AM,00bffcf5-e140-49f9-954d-d3d78a72b521,1.4,"(1.9, 1.8, 1.2)","(0.0, 0.0, 0.0)","(0.0, 0.0, 0.0)",
PLAYER_LOCATION,16797,3/14/2024 9:21:56 AM,00bffcf5-e140-49f9-954d-d3d78a72b521,1.4,"(1.9, 1.8, 1.2)","(0.0, 0.0, 0.0)","(0.0, 0.0, 0.0)",
PLAYER_LOCATION,17298,3/14/2024 9:21:56 AM,00bffcf5-e140-49f9-954d-d3d78a72b521,1.4,"(1.9, 1.8, 1.2)","(0.0, 0.0, 0.0)","(0.0, 0.0, 0.0)",
PLAYER_LOCATION,17298,3/14/2024 9:21:56 AM,00bffcf5-e140-49f9-954d-d3d78a72b521,1.4,"(1.9, 1.8, 1.2)","(0.0, 0.0, 0.0)","(0.0, 0.0, 0.0)",
PLAYER_LOCATION,17798,3/14/2024 9:21:57 AM,00bffcf5-e140-49f9-954d-d3d78a72b521,1.4,"(1.9, 1.8, 1.2)","(0.0, 0.0, 0.0)","(0.0, 0.0, 0.0)",
PLAYER_LOCATION,17798,3/14/2024 9:21:57 AM,00bffcf5-e140-49f9-954d-d3d78a72b521,1.4,"(1.9, 1.8, 1.2)","(0.0, 0.0, 0.0)","(0.0, 0.0, 0.0)",
PLAYER_LOCATION,18300,3/14/2024 9:21:57 AM,00bffcf5-e140-49f9-954d-d3d78a72b521,1.4,"(1.9, 1.8, 1.2)","(0.0, 0.0, 0.0)","(0.0, 0.0, 0.0)",
PLAYER_LOCATION,18300,3/14/2024 9:21:57 AM,00bffcf5-e140-49f9-954d-d3d78a72b521,1.4,"(1.9, 1.8, 1.2)","(0.0, 0.0, 0.0)","(0.0, 0.0, 0.0)",
PLAYER_LOCATION,18800,3/14/2024 9:21:58 AM,00bffcf5-e140-49f9-954d-d3d78a72b521,1.4,"(1.9, 1.8, 1.2)","(0.0, 0.0, 0.0)","(0.0, 0.0, 0.0)",
PLAYER_LOCATION,18800,3/14/2024 9:21:58 AM,00bffcf5-e140-49f9-954d-d3d78a72b521,1.4,"(1.9, 1.8, 1.2)","(0.0, 0.0, 0.0)","(0.0, 0.0, 0.0)",
PLAYER_LOCATION,19302,3/14/2024 9:21:58 AM,00bffcf5-e140-49f9-954d-d3d78a72b521,1.4,"(1.9, 1.8, 1.2)","(0.0, 0.0, 0.0)","(0.0, 0.0, 0.0)",
PLAYER_LOCATION,19302,3/14/2024 9:21:58 AM,00bffcf5-e140-49f9-954d-d3d78a72b521,1.4,"(1.9, 1.8, 1.2)","(0.0, 0.0, 0.0)","(0.0, 0.0, 0.0)",
PLAYER_LOCATION,19802,3/14/2024 9:21:59 AM,00bffcf5-e140-49f9-954d-d3d78a72b521,1.4,"(1.9, 1.8, 1.2)","(0.0, 0.0, 0.0)","(0.0, 0.0, 0.0)",
PLAYER_LOCATION,19802,3/14/2024 9:21:59 AM,00bffcf5-e140-49f9-954d-d3d78a72b521,1.4,"(1.9, 1.8, 1.2)","(0.0, 0.0, 0.0)","(0.0, 0.0, 0.0)",
PLAYER_LOCATION,20306,3/14/2024 9:21:59 AM,00bffcf5-e140-49f9-954d-d3d78a72b521,1.4,"(1.9, 1.8, 1.2)","(0.0, 0.0, 0.0)","(0.0, 0.0, 0.0)",
PLAYER_LOCATION,20306,3/14/2024 9:21:59 AM,00bffcf5-e140-49f9-954d-d3d78a72b521,1.4,"(1.9, 1.8, 1.2)","(0.0, 0.0, 0.0)","(0.0, 0.0, 0.0)",
PLAYER_LOCATION,20806,3/14/2024 9:22:00 AM,00bffcf5-e140-49f9-954d-d3d78a72b521,1.4,"(1.9, 1.8, 1.2)","(0.0, 0.0, 0.0)","(0.0, 0.0, 0.0)",
PLAYER_LOCATION,20806,3/14/2024 9:22:00 AM,00bffcf5-e140-49f9-954d-d3d78a72b521,1.4,"(1.9, 1.8, 1.2)","(0.0, 0.0, 0.0)","(0.0, 0.0, 0.0)",
PLAYER_LOCATION,21306,3/14/2024 9:22:00 AM,00bffcf5-e140-49f9-954d-d3d78a72b521,1.4,"(1.9, 1.8, 1.2)","(0.0, 0.0, 0.0)","(0.0, 0.0, 0.0)",
PLAYER_LOCATION,21306,3/14/2024 9:22:00 AM,00bffcf5-e140-49f9-954d-d3d78a72b521,1.4,"(1.9, 1.8, 1.2)","(0.0, 0.0, 0.0)","(0.0, 0.0, 0.0)",
PLAYER_LOCATION,21806,3/14/2024 9:22:01 AM,00bffcf5-e140-49f9-954d-d3d78a72b521,1.4,"(1.9, 1.8, 1.2)","(0.0, 0.0, 0.0)","(0.0, 0.0, 0.0)",
PLAYER_LOCATION,21806,3/14/2024 9:22:01 AM,00bffcf5-e140-49f9-954d-d3d78a72b521,1.4,"(1.9, 1.8, 1.2)","(0.0, 0.0, 0.0)","(0.0, 0.0, 0.0)",
PLAYER_LOCATION,22312,3/14/2024 9:22:01 AM,00bffcf5-e140-49f9-954d-d3d78a72b521,1.4,"(1.9, 1.8, 1.2)","(0.0, 0.0, 0.0)","(0.0, 0.0, 0.0)",
PLAYER_LOCATION,22312,3/14/2024 9:22:01 AM,00bffcf5-e140-49f9-954d-d3d78a72b521,1.4,"(1.9, 1.8, 1.2)","(0.0, 0.0, 0.0)","(0.0, 0.0, 0.0)",
PLAYER_LOCATION,22813,3/14/2024 9:22:02 AM,00bffcf5-e140-49f9-954d-d3d78a72b521,1.4,"(1.9, 1.8, 1.2)","(0.0, 0.0, 0.0)","(0.0, 0.0, 0.0)",
PLAYER_LOCATION,22813,3/14/2024 9:22:02 AM,00bffcf5-e140-49f9-954d-d3d78a72b521,1.4,"(1.9, 1.8, 1.2)","(0.0, 0.0, 0.0)","(0.0, 0.0, 0.0)",
PLAYER_LOCATION,23314,3/14/2024 9:22:02 AM,00bffcf5-e140-49f9-954d-d3d78a72b521,1.4,"(1.9, 1.8, 1.2)","(0.0, 0.0, 0.0)","(0.0, 0.0, 0.0)",
PLAYER_LOCATION,23314,3/14/2024 9:22:02 AM,00bffcf5-e140-49f9-954d-d3d78a72b521,1.4,"(1.9, 1.8, 1.2)","(0.0, 0.0, 0.0)","(0.0, 0.0, 0.0)",
PLAYER_LOCATION,23815,3/14/2024 9:22:03 AM,00bffcf5-e140-49f9-954d-d3d78a72b521,1.4,"(1.9, 1.8, 1.2)","(0.0, 0.0, 0.0)","(0.0, 0.0, 0.0)",
PLAYER_LOCATION,23815,3/14/2024 9:22:03 AM,00bffcf5-e140-49f9-954d-d3d78a72b521,1.4,"(1.9, 1.8, 1.2)","(0.0, 0.0, 0.0)","(0.0, 0.0, 0.0)",
PLAYER_LOCATION,24316,3/14/2024 9:22:03 AM,00bffcf5-e140-49f9-954d-d3d78a72b521,1.4,"(1.9, 1.8, 1.2)","(0.0, 0.0, 0.0)","(0.0, 0.0, 0.0)",
PLAYER_LOCATION,24316,3/14/2024 9:22:03 AM,00bffcf5-e140-49f9-954d-d3d78a72b521,1.4,"(1.9, 1.8, 1.2)","(0.0, 0.0, 0.0)","(0.0, 0.0, 0.0)",
PLAYER_LOCATION,24818,3/14/2024 9:22:04 AM,00bffcf5-e140-49f9-954d-d3d78a72b521,1.4,"(1.9, 1.8, 1.2)","(0.0, 0.0, 0.0)","(0.0, 0.0, 0.0)",
PLAYER_LOCATION,24818,3/14/2024 9:22:04 AM,00bffcf5-e140-49f9-954d-d3d78a72b521,1.4,"(1.9, 1.8, 1.2)","(0.0, 0.0, 0.0)","(0.0, 0.0, 0.0)",
PLAYER_LOCATION,25318,3/14/2024 9:22:04 AM,00bffcf5-e140-49f9-954d-d3d78a72b521,1.4,"(1.9, 1.8, 1.2)","(0.0, 0.0, 0.0)","(0.0, 0.0, 0.0)",
PLAYER_LOCATION,25318,3/14/2024 9:22:04 AM,00bffcf5-e140-49f9-954d-d3d78a72b521,1.4,"(1.9, 1.8, 1.2)","(0.0, 0.0, 0.0)","(0.0, 0.0, 0.0)",
PLAYER_LOCATION,25819,3/14/2024 9:22:05 AM,00bffcf5-e140-49f9-954d-d3d78a72b521,1.4,"(1.9, 1.8, 1.2)","(0.0, 0.0, 0.0)","(0.0, 0.0, 0.0)",
PLAYER_LOCATION,25819,3/14/2024 9:22:05 AM,00bffcf5-e140-49f9-954d-d3d78a72b521,1.4,"(1.9, 1.8, 1.2)","(0.0, 0.0, 0.0)","(0.0, 0.0, 0.0)",
PLAYER_LOCATION,26319,3/14/2024 9:22:05 AM,00bffcf5-e140-49f9-954d-d3d78a72b521,1.4,"(1.9, 1.8, 1.2)","(0.0, 0.0, 0.0)","(0.0, 0.0, 0.0)",
PLAYER_LOCATION,26319,3/14/2024 9:22:05 AM,00bffcf5-e140-49f9-954d-d3d78a72b521,1.4,"(1.9, 1.8, 1.2)","(0.0, 0.0, 0.0)","(0.0, 0.0, 0.0)",
PLAYER_LOCATION,26819,3/14/2024 9:22:06 AM,00bffcf5-e140-49f9-954d-d3d78a72b521,1.4,"(1.9, 1.8, 1.2)","(0.0, 0.0, 0.0)","(0.0, 0.0, 0.0)",
PLAYER_LOCATION,26819,3/14/2024 9:22:06 AM,00bffcf5-e140-49f9-954d-d3d78a72b521,1.4,"(1.9, 1.8, 1.2)","(0.0, 0.0, 0.0)","(0.0, 0.0, 0.0)",
PLAYER_LOCATION,27321,3/14/2024 9:22:06 AM,00bffcf5-e140-49f9-954d-d3d78a72b521,1.4,"(1.9, 1.8, 1.2)","(0.0, 0.0, 0.0)","(0.0, 0.0, 0.0)",
PLAYER_LOCATION,27321,3/14/2024 9:22:06 AM,00bffcf5-e140-49f9-954d-d3d78a72b521,1.4,"(1.9, 1.8, 1.2)","(0.0, 0.0, 0.0)","(0.0, 0.0, 0.0)",
PLAYER_LOCATION,27824,3/14/2024 9:22:07 AM,00bffcf5-e140-49f9-954d-d3d78a72b521,1.4,"(1.9, 1.8, 1.2)","(0.0, 0.0, 0.0)","(0.0, 0.0, 0.0)",
PLAYER_LOCATION,27824,3/14/2024 9:22:07 AM,00bffcf5-e140-49f9-954d-d3d78a72b521,1.4,"(1.9, 1.8, 1.2)","(0.0, 0.0, 0.0)","(0.0, 0.0, 0.0)",
PLAYER_LOCATION,28329,3/14/2024 9:22:07 AM,00bffcf5-e140-49f9-954d-d3d78a72b521,1.4,"(1.9, 1.8, 1.2)","(0.0, 0.0, 0.0)","(0.0, 0.0, 0.0)",
PLAYER_LOCATION,28329,3/14/2024 9:22:07 AM,00bffcf5-e140-49f9-954d-d3d78a72b521,1.4,"(1.9, 1.8, 1.2)","(0.0, 0.0, 0.0)","(0.0, 0.0, 0.0)",
PLAYER_LOCATION,28829,3/14/2024 9:22:08 AM,00bffcf5-e140-49f9-954d-d3d78a72b521,1.4,"(1.9, 1.8, 1.2)","(0.0, 0.0, 0.0)","(0.0, 0.0, 0.0)",
PLAYER_LOCATION,28829,3/14/2024 9:22:08 AM,00bffcf5-e140-49f9-954d-d3d78a72b521,1.4,"(1.9, 1.8, 1.2)","(0.0, 0.0, 0.0)","(0.0, 0.0, 0.0)",
PLAYER_LOCATION,29330,3/14/2024 9:22:08 AM,00bffcf5-e140-49f9-954d-d3d78a72b521,1.4,"(1.9, 1.8, 1.2)","(0.0, 0.0, 0.0)","(0.0, 0.0, 0.0)",
PLAYER_LOCATION,29330,3/14/2024 9:22:08 AM,00bffcf5-e140-49f9-954d-d3d78a72b521,1.4,"(1.9, 1.8, 1.2)","(0.0, 0.0, 0.0)","(0.0, 0.0, 0.0)",
PLAYER_LOCATION,29829,3/14/2024 9:22:09 AM,00bffcf5-e140-49f9-954d-d3d78a72b521,1.4,"(1.9, 1.8, 1.2)","(0.0, 0.0, 0.0)","(0.0, 0.0, 0.0)",
PLAYER_LOCATION,29829,3/14/2024 9:22:09 AM,00bffcf5-e140-49f9-954d-d3d78a72b521,1.4,"(1.9, 1.8, 1.2)","(0.0, 0.0, 0.0)","(0.0, 0.0, 0.0)",
PLAYER_LOCATION,30331,3/14/2024 9:22:09 AM,00bffcf5-e140-49f9-954d-d3d78a72b521,1.4,"(1.9, 1.8, 1.2)","(0.0, 0.0, 0.0)","(0.0, 0.0, 0.0)",
PLAYER_LOCATION,30331,3/14/2024 9:22:09 AM,00bffcf5-e140-49f9-954d-d3d78a72b521,1.4,"(1.9, 1.8, 1.2)","(0.0, 0.0, 0.0)","(0.0, 0.0, 0.0)",
PLAYER_LOCATION,30832,3/14/2024 9:22:10 AM,00bffcf5-e140-49f9-954d-d3d78a72b521,1.4,"(1.9, 1.8, 1.2)","(0.0, 0.0, 0.0)","(0.0, 0.0, 0.0)",
PLAYER_LOCATION,30832,3/14/2024 9:22:10 AM,00bffcf5-e140-49f9-954d-d3d78a72b521,1.4,"(1.9, 1.8, 1.2)","(0.0, 0.0, 0.0)","(0.0, 0.0, 0.0)",
PLAYER_LOCATION,31332,3/14/2024 9:22:10 AM,00bffcf5-e140-49f9-954d-d3d78a72b521,1.4,"(1.9, 1.8, 1.2)","(0.0, 0.0, 0.0)","(0.0, 0.0, 0.0)",
PLAYER_LOCATION,31332,3/14/2024 9:22:10 AM,00bffcf5-e140-49f9-954d-d3d78a72b521,1.4,"(1.9, 1.8, 1.2)","(0.0, 0.0, 0.0)","(0.0, 0.0, 0.0)",
PLAYER_LOCATION,31835,3/14/2024 9:22:11 AM,00bffcf5-e140-49f9-954d-d3d78a72b521,1.4,"(1.9, 1.8, 1.2)","(0.0, 0.0, 0.0)","(0.0, 0.0, 0.0)",
PLAYER_LOCATION,31835,3/14/2024 9:22:11 AM,00bffcf5-e140-49f9-954d-d3d78a72b521,1.4,"(1.9, 1.8, 1.2)","(0.0, 0.0, 0.0)","(0.0, 0.0, 0.0)",
PLAYER_LOCATION,32335,3/14/2024 9:22:11 AM,00bffcf5-e140-49f9-954d-d3d78a72b521,1.4,"(1.9, 1.8, 1.2)","(0.0, 0.0, 0.0)","(0.0, 0.0, 0.0)",
PLAYER_LOCATION,32335,3/14/2024 9:22:11 AM,00bffcf5-e140-49f9-954d-d3d78a72b521,1.4,"(1.9, 1.8, 1.2)","(0.0, 0.0, 0.0)","(0.0, 0.0, 0.0)",
PLAYER_LOCATION,32836,3/14/2024 9:22:12 AM,00bffcf5-e140-49f9-954d-d3d78a72b521,1.4,"(1.9, 1.8, 1.2)","(0.0, 0.0, 0.0)","(0.0, 0.0, 0.0)",
PLAYER_LOCATION,32836,3/14/2024 9:22:12 AM,00bffcf5-e140-49f9-954d-d3d78a72b521,1.4,"(1.9, 1.8, 1.2)","(0.0, 0.0, 0.0)","(0.0, 0.0, 0.0)",
PLAYER_LOCATION,33340,3/14/2024 9:22:12 AM,00bffcf5-e140-49f9-954d-d3d78a72b521,1.4,"(1.9, 1.8, 1.2)","(0.0, 0.0, 0.0)","(0.0, 0.0, 0.0)",
PLAYER_LOCATION,33340,3/14/2024 9:22:12 AM,00bffcf5-e140-49f9-954d-d3d78a72b521,1.4,"(1.9, 1.8, 1.2)","(0.0, 0.0, 0.0)","(0.0, 0.0, 0.0)",
PLAYER_LOCATION,33842,3/14/2024 9:22:13 AM,00bffcf5-e140-49f9-954d-d3d78a72b521,1.4,"(1.9, 1.8, 1.2)","(0.0, 0.0, 0.0)","(0.0, 0.0, 0.0)",
PLAYER_LOCATION,33842,3/14/2024 9:22:13 AM,00bffcf5-e140-49f9-954d-d3d78a72b521,1.4,"(1.9, 1.8, 1.2)","(0.0, 0.0, 0.0)","(0.0, 0.0, 0.0)",
PLAYER_LOCATION,34346,3/14/2024 9:22:13 AM,00bffcf5-e140-49f9-954d-d3d78a72b521,1.4,"(1.9, 1.8, 1.2)","(0.0, 0.0, 0.0)","(0.0, 0.0, 0.0)",
PLAYER_LOCATION,34346,3/14/2024 9:22:13 AM,00bffcf5-e140-49f9-954d-d3d78a72b521,1.4,"(1.9, 1.8, 1.2)","(0.0, 0.0, 0.0)","(0.0, 0.0, 0.0)",
PLAYER_LOCATION,34847,3/14/2024 9:22:14 AM,00bffcf5-e140-49f9-954d-d3d78a72b521,1.4,"(1.9, 1.8, 1.2)","(0.0, 0.0, 0.0)","(0.0, 0.0, 0.0)",
PLAYER_LOCATION,34847,3/14/2024 9:22:14 AM,00bffcf5-e140-49f9-954d-d3d78a72b521,1.4,"(1.9, 1.8, 1.2)","(0.0, 0.0, 0.0)","(0.0, 0.0, 0.0)",
PLAYER_LOCATION,35348,3/14/2024 9:22:14 AM,00bffcf5-e140-49f9-954d-d3d78a72b521,1.4,"(1.9, 1.8, 1.2)","(0.0, 0.0, 0.0)","(0.0, 0.0, 0.0)",
PLAYER_LOCATION,35348,3/14/2024 9:22:14 AM,00bffcf5-e140-49f9-954d-d3d78a72b521,1.4,"(1.9, 1.8, 1.2)","(0.0, 0.0, 0.0)","(0.0, 0.0, 0.0)",
PLAYER_LOCATION,35849,3/14/2024 9:22:15 AM,00bffcf5-e140-49f9-954d-d3d78a72b521,1.4,"(1.9, 1.8, 1.2)","(0.0, 0.0, 0.0)","(0.0, 0.0, 0.0)",
PLAYER_LOCATION,35849,3/14/2024 9:22:15 AM,00bffcf5-e140-49f9-954d-d3d78a72b521,1.4,"(1.9, 1.8, 1.2)","(0.0, 0.0, 0.0)","(0.0, 0.0, 0.0)",
PLAYER_LOCATION,36350,3/14/2024 9:22:15 AM,00bffcf5-e140-49f9-954d-d3d78a72b521,1.4,"(1.9, 1.8, 1.2)","(0.0, 0.0, 0.0)","(0.0, 0.0, 0.0)",
PLAYER_LOCATION,36350,3/14/2024 9:22:15 AM,00bffcf5-e140-49f9-954d-d3d78a72b521,1.4,"(1.9, 1.8, 1.2)","(0.0, 0.0, 0.0)","(0.0, 0.0, 0.0)",
PLAYER_LOCATION,36851,3/14/2024 9:22:16 AM,00bffcf5-e140-49f9-954d-d3d78a72b521,1.4,"(1.9, 1.8, 1.2)","(0.0, 0.0, 0.0)","(0.0, 0.0, 0.0)",
PLAYER_LOCATION,36851,3/14/2024 9:22:16 AM,00bffcf5-e140-49f9-954d-d3d78a72b521,1.4,"(1.9, 1.8, 1.2)","(0.0, 0.0, 0.0)","(0.0, 0.0, 0.0)",
PLAYER_LOCATION,37351,3/14/2024 9:22:16 AM,00bffcf5-e140-49f9-954d-d3d78a72b521,1.4,"(1.9, 1.8, 1.2)","(0.0, 0.0, 0.0)","(0.0, 0.0, 0.0)",
PLAYER_LOCATION,37351,3/14/2024 9:22:16 AM,00bffcf5-e140-49f9-954d-d3d78a72b521,1.4,"(1.9, 1.8, 1.2)","(0.0, 0.0, 0.0)","(0.0, 0.0, 0.0)",
PLAYER_LOCATION,37851,3/14/2024 9:22:17 AM,00bffcf5-e140-49f9-954d-d3d78a72b521,1.4,"(1.9, 1.8, 1.2)","(0.0, 0.0, 0.0)","(0.0, 0.0, 0.0)",
PLAYER_LOCATION,37851,3/14/2024 9:22:17 AM,00bffcf5-e140-49f9-954d-d3d78a72b521,1.4,"(1.9, 1.8, 1.2)","(0.0, 0.0, 0.0)","(0.0, 0.0, 0.0)",
PLAYER_LOCATION,38351,3/14/2024 9:22:17 AM,00bffcf5-e140-49f9-954d-d3d78a72b521,1.4,"(1.9, 1.8, 1.2)","(0.0, 0.0, 0.0)","(0.0, 0.0, 0.0)",
PLAYER_LOCATION,38351,3/14/2024 9:22:17 AM,00bffcf5-e140-49f9-954d-d3d78a72b521,1.4,"(1.9, 1.8, 1.2)","(0.0, 0.0, 0.0)","(0.0, 0.0, 0.0)",
PLAYER_LOCATION,38851,3/14/2024 9:22:18 AM,00bffcf5-e140-49f9-954d-d3d78a72b521,1.4,"(1.9, 1.8, 1.2)","(0.0, 0.0, 0.0)","(0.0, 0.0, 0.0)",
PLAYER_LOCATION,38851,3/14/2024 9:22:18 AM,00bffcf5-e140-49f9-954d-d3d78a72b521,1.4,"(1.9, 1.8, 1.2)","(0.0, 0.0, 0.0)","(0.0, 0.0, 0.0)",
PLAYER_LOCATION,39352,3/14/2024 9:22:18 AM,00bffcf5-e140-49f9-954d-d3d78a72b521,1.4,"(1.9, 1.8, 1.2)","(0.0, 0.0, 0.0)","(0.0, 0.0, 0.0)",
PLAYER_LOCATION,39352,3/14/2024 9:22:18 AM,00bffcf5-e140-49f9-954d-d3d78a72b521,1.4,"(1.9, 1.8, 1.2)","(0.0, 0.0, 0.0)","(0.0, 0.0, 0.0)",
PLAYER_LOCATION,39854,3/14/2024 9:22:19 AM,00bffcf5-e140-49f9-954d-d3d78a72b521,1.4,"(1.9, 1.8, 1.2)","(0.0, 0.0, 0.0)","(0.0, 0.0, 0.0)",
PLAYER_LOCATION,39854,3/14/2024 9:22:19 AM,00bffcf5-e140-49f9-954d-d3d78a72b521,1.4,"(1.9, 1.8, 1.2)","(0.0, 0.0, 0.0)","(0.0, 0.0, 0.0)",
PLAYER_LOCATION,40355,3/14/2024 9:22:19 AM,00bffcf5-e140-49f9-954d-d3d78a72b521,1.4,"(1.9, 1.8, 1.2)","(0.0, 0.0, 0.0)","(0.0, 0.0, 0.0)",
PLAYER_LOCATION,40355,3/14/2024 9:22:19 AM,00bffcf5-e140-49f9-954d-d3d78a72b521,1.4,"(1.9, 1.8, 1.2)","(0.0, 0.0, 0.0)","(0.0, 0.0, 0.0)",
PLAYER_LOCATION,40857,3/14/2024 9:22:20 AM,00bffcf5-e140-49f9-954d-d3d78a72b521,1.4,"(1.9, 1.8, 1.2)","(0.0, 0.0, 0.0)","(0.0, 0.0, 0.0)",
PLAYER_LOCATION,40857,3/14/2024 9:22:20 AM,00bffcf5-e140-49f9-954d-d3d78a72b521,1.4,"(1.9, 1.8, 1.2)","(0.0, 0.0, 0.0)","(0.0, 0.0, 0.0)",
PLAYER_LOCATION,41358,3/14/2024 9:22:20 AM,00bffcf5-e140-49f9-954d-d3d78a72b521,1.4,"(1.9, 1.8, 1.2)","(0.0, 0.0, 0.0)","(0.0, 0.0, 0.0)",
PLAYER_LOCATION,41358,3/14/2024 9:22:20 AM,00bffcf5-e140-49f9-954d-d3d78a72b521,1.4,"(1.9, 1.8, 1.2)","(0.0, 0.0, 0.0)","(0.0, 0.0, 0.0)",
PLAYER_LOCATION,41863,3/14/2024 9:22:21 AM,00bffcf5-e140-49f9-954d-d3d78a72b521,1.4,"(1.9, 1.8, 1.2)","(0.0, 0.0, 0.0)","(0.0, 0.0, 0.0)",
PLAYER_LOCATION,41863,3/14/2024 9:22:21 AM,00bffcf5-e140-49f9-954d-d3d78a72b521,1.4,"(1.9, 1.8, 1.2)","(0.0, 0.0, 0.0)","(0.0, 0.0, 0.0)",
PLAYER_LOCATION,42363,3/14/2024 9:22:21 AM,00bffcf5-e140-49f9-954d-d3d78a72b521,1.4,"(1.9, 1.8, 1.2)","(0.0, 0.0, 0.0)","(0.0, 0.0, 0.0)",
PLAYER_LOCATION,42363,3/14/2024 9:22:21 AM,00bffcf5-e140-49f9-954d-d3d78a72b521,1.4,"(1.9, 1.8, 1.2)","(0.0, 0.0, 0.0)","(0.0, 0.0, 0.0)",
PLAYER_LOCATION,42864,3/14/2024 9:22:22 AM,00bffcf5-e140-49f9-954d-d3d78a72b521,1.4,"(1.9, 1.8, 1.2)","(0.0, 0.0, 0.0)","(0.0, 0.0, 0.0)",
PLAYER_LOCATION,42864,3/14/2024 9:22:22 AM,00bffcf5-e140-49f9-954d-d3d78a72b521,1.4,"(1.9, 1.8, 1.2)","(0.0, 0.0, 0.0)","(0.0, 0.0, 0.0)",
PLAYER_LOCATION,43365,3/14/2024 9:22:22 AM,00bffcf5-e140-49f9-954d-d3d78a72b521,1.4,"(1.9, 1.8, 1.2)","(0.0, 0.0, 0.0)","(0.0, 0.0, 0.0)",
PLAYER_LOCATION,43365,3/14/2024 9:22:22 AM,00bffcf5-e140-49f9-954d-d3d78a72b521,1.4,"(1.9, 1.8, 1.2)","(0.0, 0.0, 0.0)","(0.0, 0.0, 0.0)",
PLAYER_LOCATION,43865,3/14/2024 9:22:23 AM,00bffcf5-e140-49f9-954d-d3d78a72b521,1.4,"(1.9, 1.8, 1.2)","(0.0, 0.0, 0.0)","(0.0, 0.0, 0.0)",
PLAYER_LOCATION,43865,3/14/2024 9:22:23 AM,00bffcf5-e140-49f9-954d-d3d78a72b521,1.4,"(1.9, 1.8, 1.2)","(0.0, 0.0, 0.0)","(0.0, 0.0, 0.0)",
PLAYER_LOCATION,44366,3/14/2024 9:22:23 AM,00bffcf5-e140-49f9-954d-d3d78a72b521,1.4,"(1.9, 1.8, 1.2)","(0.0, 0.0, 0.0)","(0.0, 0.0, 0.0)",
PLAYER_LOCATION,44366,3/14/2024 9:22:23 AM,00bffcf5-e140-49f9-954d-d3d78a72b521,1.4,"(1.9, 1.8, 1.2)","(0.0, 0.0, 0.0)","(0.0, 0.0, 0.0)",
PLAYER_LOCATION,44867,3/14/2024 9:22:24 AM,00bffcf5-e140-49f9-954d-d3d78a72b521,1.4,"(1.9, 1.8, 1.2)","(0.0, 0.0, 0.0)","(0.0, 0.0, 0.0)",
PLAYER_LOCATION,44867,3/14/2024 9:22:24 AM,00bffcf5-e140-49f9-954d-d3d78a72b521,1.4,"(1.9, 1.8, 1.2)","(0.0, 0.0, 0.0)","(0.0, 0.0, 0.0)",
PLAYER_LOCATION,45367,3/14/2024 9:22:24 AM,00bffcf5-e140-49f9-954d-d3d78a72b521,1.4,"(1.9, 1.8, 1.2)","(0.0, 0.0, 0.0)","(0.0, 0.0, 0.0)",
PLAYER_LOCATION,45367,3/14/2024 9:22:24 AM,00bffcf5-e140-49f9-954d-d3d78a72b521,1.4,"(1.9, 1.8, 1.2)","(0.0, 0.0, 0.0)","(0.0, 0.0, 0.0)",
PLAYER_LOCATION,45867,3/14/2024 9:22:25 AM,00bffcf5-e140-49f9-954d-d3d78a72b521,1.4,"(1.9, 1.8, 1.2)","(0.0, 0.0, 0.0)","(0.0, 0.0, 0.0)",
PLAYER_LOCATION,45867,3/14/2024 9:22:25 AM,00bffcf5-e140-49f9-954d-d3d78a72b521,1.4,"(1.9, 1.8, 1.2)","(0.0, 0.0, 0.0)","(0.0, 0.0, 0.0)",
PLAYER_LOCATION,46368,3/14/2024 9:22:25 AM,00bffcf5-e140-49f9-954d-d3d78a72b521,1.4,"(1.9, 1.8, 1.2)","(0.0, 0.0, 0.0)","(0.0, 0.0, 0.0)",
PLAYER_LOCATION,46368,3/14/2024 9:22:25 AM,00bffcf5-e140-49f9-954d-d3d78a72b521,1.4,"(1.9, 1.8, 1.2)","(0.0, 0.0, 0.0)","(0.0, 0.0, 0.0)",
PLAYER_LOCATION,46868,3/14/2024 9:22:26 AM,00bffcf5-e140-49f9-954d-d3d78a72b521,1.4,"(1.9, 1.8, 1.2)","(0.0, 0.0, 0.0)","(0.0, 0.0, 0.0)",
PLAYER_LOCATION,46868,3/14/2024 9:22:26 AM,00bffcf5-e140-49f9-954d-d3d78a72b521,1.4,"(1.9, 1.8, 1.2)","(0.0, 0.0, 0.0)","(0.0, 0.0, 0.0)",
PLAYER_LOCATION,47368,3/14/2024 9:22:26 AM,00bffcf5-e140-49f9-954d-d3d78a72b521,1.4,"(1.9, 1.8, 1.2)","(0.0, 0.0, 0.0)","(0.0, 0.0, 0.0)",
PLAYER_LOCATION,47368,3/14/2024 9:22:26 AM,00bffcf5-e140-49f9-954d-d3d78a72b521,1.4,"(1.9, 1.8, 1.2)","(0.0, 0.0, 0.0)","(0.0, 0.0, 0.0)",
PLAYER_LOCATION,47873,3/14/2024 9:22:27 AM,00bffcf5-e140-49f9-954d-d3d78a72b521,1.4,"(1.9, 1.8, 1.2)","(0.0, 0.0, 0.0)","(0.0, 0.0, 0.0)",
PLAYER_LOCATION,47873,3/14/2024 9:22:27 AM,00bffcf5-e140-49f9-954d-d3d78a72b521,1.4,"(1.9, 1.8, 1.2)","(0.0, 0.0, 0.0)","(0.0, 0.0, 0.0)",
PLAYER_LOCATION,48375,3/14/2024 9:22:27 AM,00bffcf5-e140-49f9-954d-d3d78a72b521,1.4,"(1.9, 1.8, 1.2)","(0.0, 0.0, 0.0)","(0.0, 0.0, 0.0)",
PLAYER_LOCATION,48375,3/14/2024 9:22:27 AM,00bffcf5-e140-49f9-954d-d3d78a72b521,1.4,"(1.9, 1.8, 1.2)","(0.0, 0.0, 0.0)","(0.0, 0.0, 0.0)",
PLAYER_LOCATION,48879,3/14/2024 9:22:28 AM,00bffcf5-e140-49f9-954d-d3d78a72b521,1.4,"(1.9, 1.8, 1.2)","(0.0, 0.0, 0.0)","(0.0, 0.0, 0.0)",
PLAYER_LOCATION,48879,3/14/2024 9:22:28 AM,00bffcf5-e140-49f9-954d-d3d78a72b521,1.4,"(1.9, 1.8, 1.2)","(0.0, 0.0, 0.0)","(0.0, 0.0, 0.0)",
PLAYER_LOCATION,49381,3/14/2024 9:22:28 AM,00bffcf5-e140-49f9-954d-d3d78a72b521,1.4,"(1.9, 1.8, 1.2)","(0.0, 0.0, 0.0)","(0.0, 0.0, 0.0)",
PLAYER_LOCATION,49381,3/14/2024 9:22:28 AM,00bffcf5-e140-49f9-954d-d3d78a72b521,1.4,"(1.9, 1.8, 1.2)","(0.0, 0.0, 0.0)","(0.0, 0.0, 0.0)",
PLAYER_LOCATION,49882,3/14/2024 9:22:29 AM,00bffcf5-e140-49f9-954d-d3d78a72b521,1.4,"(1.9, 1.8, 1.2)","(0.0, 0.0, 0.0)","(0.0, 0.0, 0.0)",
PLAYER_LOCATION,49882,3/14/2024 9:22:29 AM,00bffcf5-e140-49f9-954d-d3d78a72b521,1.4,"(1.9, 1.8, 1.2)","(0.0, 0.0, 0.0)","(0.0, 0.0, 0.0)",
PLAYER_LOCATION,50382,3/14/2024 9:22:29 AM,00bffcf5-e140-49f9-954d-d3d78a72b521,1.4,"(1.9, 1.8, 1.2)","(0.0, 0.0, 0.0)","(0.0, 0.0, 0.0)",
PLAYER_LOCATION,50382,3/14/2024 9:22:29 AM,00bffcf5-e140-49f9-954d-d3d78a72b521,1.4,"(1.9, 1.8, 1.2)","(0.0, 0.0, 0.0)","(0.0, 0.0, 0.0)",
PLAYER_LOCATION,50884,3/14/2024 9:22:30 AM,00bffcf5-e140-49f9-954d-d3d78a72b521,1.4,"(1.9, 1.8, 1.2)","(0.0, 0.0, 0.0)","(0.0, 0.0, 0.0)",
PLAYER_LOCATION,50884,3/14/2024 9:22:30 AM,00bffcf5-e140-49f9-954d-d3d78a72b521,1.4,"(1.9, 1.8, 1.2)","(0.0, 0.0, 0.0)","(0.0, 0.0, 0.0)",
PLAYER_LOCATION,51384,3/14/2024 9:22:30 AM,00bffcf5-e140-49f9-954d-d3d78a72b521,1.4,"(1.9, 1.8, 1.2)","(0.0, 0.0, 0.0)","(0.0, 0.0, 0.0)",
PLAYER_LOCATION,51384,3/14/2024 9:22:30 AM,00bffcf5-e140-49f9-954d-d3d78a72b521,1.4,"(1.9, 1.8, 1.2)","(0.0, 0.0, 0.0)","(0.0, 0.0, 0.0)",
PLAYER_LOCATION,51886,3/14/2024 9:22:31 AM,00bffcf5-e140-49f9-954d-d3d78a72b521,1.4,"(1.9, 1.8, 1.2)","(0.0, 0.0, 0.0)","(0.0, 0.0, 0.0)",
PLAYER_LOCATION,51886,3/14/2024 9:22:31 AM,00bffcf5-e140-49f9-954d-d3d78a72b521,1.4,"(1.9, 1.8, 1.2)","(0.0, 0.0, 0.0)","(0.0, 0.0, 0.0)",
PLAYER_LOCATION,52391,3/14/2024 9:22:31 AM,00bffcf5-e140-49f9-954d-d3d78a72b521,1.4,"(1.9, 1.8, 1.2)","(0.0, 0.0, 0.0)","(0.0, 0.0, 0.0)",
PLAYER_LOCATION,52391,3/14/2024 9:22:31 AM,00bffcf5-e140-49f9-954d-d3d78a72b521,1.4,"(1.9, 1.8, 1.2)","(0.0, 0.0, 0.0)","(0.0, 0.0, 0.0)",
PLAYER_LOCATION,52892,3/14/2024 9:22:32 AM,00bffcf5-e140-49f9-954d-d3d78a72b521,1.4,"(1.9, 1.8, 1.2)","(0.0, 0.0, 0.0)","(0.0, 0.0, 0.0)",
PLAYER_LOCATION,52892,3/14/2024 9:22:32 AM,00bffcf5-e140-49f9-954d-d3d78a72b521,1.4,"(1.9, 1.8, 1.2)","(0.0, 0.0, 0.0)","(0.0, 0.0, 0.0)",
PLAYER_LOCATION,53395,3/14/2024 9:22:32 AM,00bffcf5-e140-49f9-954d-d3d78a72b521,1.4,"(1.9, 1.8, 1.2)","(0.0, 0.0, 0.0)","(0.0, 0.0, 0.0)",
PLAYER_LOCATION,53395,3/14/2024 9:22:32 AM,00bffcf5-e140-49f9-954d-d3d78a72b521,1.4,"(1.9, 1.8, 1.2)","(0.0, 0.0, 0.0)","(0.0, 0.0, 0.0)",
PLAYER_LOCATION,53898,3/14/2024 9:22:33 AM,00bffcf5-e140-49f9-954d-d3d78a72b521,1.4,"(1.9, 1.8, 1.2)","(0.0, 0.0, 0.0)","(0.0, 0.0, 0.0)",
PLAYER_LOCATION,53898,3/14/2024 9:22:33 AM,00bffcf5-e140-49f9-954d-d3d78a72b521,1.4,"(1.9, 1.8, 1.2)","(0.0, 0.0, 0.0)","(0.0, 0.0, 0.0)",
PLAYER_LOCATION,54399,3/14/2024 9:22:33 AM,00bffcf5-e140-49f9-954d-d3d78a72b521,1.4,"(1.9, 1.8, 1.2)","(0.0, 0.0, 0.0)","(0.0, 0.0, 0.0)",
PLAYER_LOCATION,54399,3/14/2024 9:22:33 AM,00bffcf5-e140-49f9-954d-d3d78a72b521,1.4,"(1.9, 1.8, 1.2)","(0.0, 0.0, 0.0)","(0.0, 0.0, 0.0)",
PLAYER_LOCATION,54899,3/14/2024 9:22:34 AM,00bffcf5-e140-49f9-954d-d3d78a72b521,1.4,"(1.9, 1.8, 1.2)","(0.0, 0.0, 0.0)","(0.0, 0.0, 0.0)",
PLAYER_LOCATION,54899,3/14/2024 9:22:34 AM,00bffcf5-e140-49f9-954d-d3d78a72b521,1.4,"(1.9, 1.8, 1.2)","(0.0, 0.0, 0.0)","(0.0, 0.0, 0.0)",
PLAYER_LOCATION,55399,3/14/2024 9:22:34 AM,00bffcf5-e140-49f9-954d-d3d78a72b521,1.4,"(1.9, 1.8, 1.2)","(0.0, 0.0, 0.0)","(0.0, 0.0, 0.0)",
PLAYER_LOCATION,55399,3/14/2024 9:22:34 AM,00bffcf5-e140-49f9-954d-d3d78a72b521,1.4,"(1.9, 1.8, 1.2)","(0.0, 0.0, 0.0)","(0.0, 0.0, 0.0)",
PLAYER_LOCATION,55902,3/14/2024 9:22:35 AM,00bffcf5-e140-49f9-954d-d3d78a72b521,1.4,"(1.9, 1.8, 1.2)","(0.0, 0.0, 0.0)","(0.0, 0.0, 0.0)",
PLAYER_LOCATION,55902,3/14/2024 9:22:35 AM,00bffcf5-e140-49f9-954d-d3d78a72b521,1.4,"(1.9, 1.8, 1.2)","(0.0, 0.0, 0.0)","(0.0, 0.0, 0.0)",
PLAYER_LOCATION,56401,3/14/2024 9:22:35 AM,00bffcf5-e140-49f9-954d-d3d78a72b521,1.4,"(1.9, 1.8, 1.2)","(0.0, 0.0, 0.0)","(0.0, 0.0, 0.0)",
PLAYER_LOCATION,56401,3/14/2024 9:22:35 AM,00bffcf5-e140-49f9-954d-d3d78a72b521,1.4,"(1.9, 1.8, 1.2)","(0.0, 0.0, 0.0)","(0.0, 0.0, 0.0)",
PLAYER_LOCATION,56902,3/14/2024 9:22:36 AM,00bffcf5-e140-49f9-954d-d3d78a72b521,1.4,"(1.9, 1.8, 1.2)","(0.0, 0.0, 0.0)","(0.0, 0.0, 0.0)",
PLAYER_LOCATION,56902,3/14/2024 9:22:36 AM,00bffcf5-e140-49f9-954d-d3d78a72b521,1.4,"(1.9, 1.8, 1.2)","(0.0, 0.0, 0.0)","(0.0, 0.0, 0.0)",
PLAYER_LOCATION,57404,3/14/2024 9:22:36 AM,00bffcf5-e140-49f9-954d-d3d78a72b521,1.4,"(1.9, 1.8, 1.2)","(0.0, 0.0, 0.0)","(0.0, 0.0, 0.0)",
PLAYER_LOCATION,57404,3/14/2024 9:22:36 AM,00bffcf5-e140-49f9-954d-d3d78a72b521,1.4,"(1.9, 1.8, 1.2)","(0.0, 0.0, 0.0)","(0.0, 0.0, 0.0)",
PLAYER_LOCATION,57906,3/14/2024 9:22:37 AM,00bffcf5-e140-49f9-954d-d3d78a72b521,1.4,"(1.9, 1.8, 1.2)","(0.0, 0.0, 0.0)","(0.0, 0.0, 0.0)",
PLAYER_LOCATION,57906,3/14/2024 9:22:37 AM,00bffcf5-e140-49f9-954d-d3d78a72b521,1.4,"(1.9, 1.8, 1.2)","(0.0, 0.0, 0.0)","(0.0, 0.0, 0.0)",
PLAYER_LOCATION,58407,3/14/2024 9:22:37 AM,00bffcf5-e140-49f9-954d-d3d78a72b521,1.4,"(1.9, 1.8, 1.2)","(0.0, 0.0, 0.0)","(0.0, 0.0, 0.0)",
PLAYER_LOCATION,58407,3/14/2024 9:22:37 AM,00bffcf5-e140-49f9-954d-d3d78a72b521,1.4,"(1.9, 1.8, 1.2)","(0.0, 0.0, 0.0)","(0.0, 0.0, 0.0)",
PLAYER_LOCATION,58908,3/14/2024 9:22:38 AM,00bffcf5-e140-49f9-954d-d3d78a72b521,1.4,"(1.9, 1.8, 1.2)","(0.0, 0.0, 0.0)","(0.0, 0.0, 0.0)",
PLAYER_LOCATION,58908,3/14/2024 9:22:38 AM,00bffcf5-e140-49f9-954d-d3d78a72b521,1.4,"(1.9, 1.8, 1.2)","(0.0, 0.0, 0.0)","(0.0, 0.0, 0.0)",
PLAYER_LOCATION,59409,3/14/2024 9:22:38 AM,00bffcf5-e140-49f9-954d-d3d78a72b521,1.4,"(1.9, 1.8, 1.2)","(0.0, 0.0, 0.0)","(0.0, 0.0, 0.0)",
PLAYER_LOCATION,59409,3/14/2024 9:22:38 AM,00bffcf5-e140-49f9-954d-d3d78a72b521,1.4,"(1.9, 1.8, 1.2)","(0.0, 0.0, 0.0)","(0.0, 0.0, 0.0)",
PLAYER_LOCATION,59909,3/14/2024 9:22:39 AM,00bffcf5-e140-49f9-954d-d3d78a72b521,1.4,"(1.9, 1.8, 1.2)","(0.0, 0.0, 0.0)","(0.0, 0.0, 0.0)",
PLAYER_LOCATION,59909,3/14/2024 9:22:39 AM,00bffcf5-e140-49f9-954d-d3d78a72b521,1.4,"(1.9, 1.8, 1.2)","(0.0, 0.0, 0.0)","(0.0, 0.0, 0.0)",
PLAYER_LOCATION,60414,3/14/2024 9:22:39 AM,00bffcf5-e140-49f9-954d-d3d78a72b521,1.4,"(1.9, 1.8, 1.2)","(0.0, 0.0, 0.0)","(0.0, 0.0, 0.0)",
PLAYER_LOCATION,60414,3/14/2024 9:22:39 AM,00bffcf5-e140-49f9-954d-d3d78a72b521,1.4,"(1.9, 1.8, 1.2)","(0.0, 0.0, 0.0)","(0.0, 0.0, 0.0)",
PLAYER_LOCATION,60915,3/14/2024 9:22:40 AM,00bffcf5-e140-49f9-954d-d3d78a72b521,1.4,"(1.9, 1.8, 1.2)","(0.0, 0.0, 0.0)","(0.0, 0.0, 0.0)",
PLAYER_LOCATION,60915,3/14/2024 9:22:40 AM,00bffcf5-e140-49f9-954d-d3d78a72b521,1.4,"(1.9, 1.8, 1.2)","(0.0, 0.0, 0.0)","(0.0, 0.0, 0.0)",
PLAYER_LOCATION,61416,3/14/2024 9:22:40 AM,00bffcf5-e140-49f9-954d-d3d78a72b521,1.4,"(1.9, 1.8, 1.2)","(0.0, 0.0, 0.0)","(0.0, 0.0, 0.0)",
PLAYER_LOCATION,61416,3/14/2024 9:22:40 AM,00bffcf5-e140-49f9-954d-d3d78a72b521,1.4,"(1.9, 1.8, 1.2)","(0.0, 0.0, 0.0)","(0.0, 0.0, 0.0)",
PLAYER_LOCATION,61917,3/14/2024 9:22:41 AM,00bffcf5-e140-49f9-954d-d3d78a72b521,1.4,"(1.9, 1.8, 1.2)","(0.0, 0.0, 0.0)","(0.0, 0.0, 0.0)",
PLAYER_LOCATION,61917,3/14/2024 9:22:41 AM,00bffcf5-e140-49f9-954d-d3d78a72b521,1.4,"(1.9, 1.8, 1.2)","(0.0, 0.0, 0.0)","(0.0, 0.0, 0.0)",
PLAYER_LOCATION,62416,3/14/2024 9:22:41 AM,00bffcf5-e140-49f9-954d-d3d78a72b521,1.4,"(1.9, 1.8, 1.2)","(0.0, 0.0, 0.0)","(0.0, 0.0, 0.0)",
PLAYER_LOCATION,62416,3/14/2024 9:22:41 AM,00bffcf5-e140-49f9-954d-d3d78a72b521,1.4,"(1.9, 1.8, 1.2)","(0.0, 0.0, 0.0)","(0.0, 0.0, 0.0)",
PLAYER_LOCATION,62917,3/14/2024 9:22:42 AM,00bffcf5-e140-49f9-954d-d3d78a72b521,1.4,"(1.9, 1.8, 1.2)","(0.0, 0.0, 0.0)","(0.0, 0.0, 0.0)",
PLAYER_LOCATION,62917,3/14/2024 9:22:42 AM,00bffcf5-e140-49f9-954d-d3d78a72b521,1.4,"(1.9, 1.8, 1.2)","(0.0, 0.0, 0.0)","(0.0, 0.0, 0.0)",
PLAYER_LOCATION,63418,3/14/2024 9:22:42 AM,00bffcf5-e140-49f9-954d-d3d78a72b521,1.4,"(1.9, 1.8, 1.2)","(0.0, 0.0, 0.0)","(0.0, 0.0, 0.0)",
PLAYER_LOCATION,63418,3/14/2024 9:22:42 AM,00bffcf5-e140-49f9-954d-d3d78a72b521,1.4,"(1.9, 1.8, 1.2)","(0.0, 0.0, 0.0)","(0.0, 0.0, 0.0)",
PLAYER_LOCATION,63918,3/14/2024 9:22:43 AM,00bffcf5-e140-49f9-954d-d3d78a72b521,1.4,"(1.9, 1.8, 1.2)","(0.0, 0.0, 0.0)","(0.0, 0.0, 0.0)",
PLAYER_LOCATION,63918,3/14/2024 9:22:43 AM,00bffcf5-e140-49f9-954d-d3d78a72b521,1.4,"(1.9, 1.8, 1.2)","(0.0, 0.0, 0.0)","(0.0, 0.0, 0.0)",
PLAYER_LOCATION,64420,3/14/2024 9:22:43 AM,00bffcf5-e140-49f9-954d-d3d78a72b521,1.4,"(1.9, 1.8, 1.2)","(0.0, 0.0, 0.0)","(0.0, 0.0, 0.0)",
PLAYER_LOCATION,64420,3/14/2024 9:22:43 AM,00bffcf5-e140-49f9-954d-d3d78a72b521,1.4,"(1.9, 1.8, 1.2)","(0.0, 0.0, 0.0)","(0.0, 0.0, 0.0)",
PLAYER_LOCATION,64920,3/14/2024 9:22:44 AM,00bffcf5-e140-49f9-954d-d3d78a72b521,1.4,"(1.9, 1.8, 1.2)","(0.0, 0.0, 0.0)","(0.0, 0.0, 0.0)",
PLAYER_LOCATION,64920,3/14/2024 9:22:44 AM,00bffcf5-e140-49f9-954d-d3d78a72b521,1.4,"(1.9, 1.8, 1.2)","(0.0, 0.0, 0.0)","(0.0, 0.0, 0.0)",
PLAYER_LOCATION,65421,3/14/2024 9:22:44 AM,00bffcf5-e140-49f9-954d-d3d78a72b521,1.4,"(1.9, 1.8, 1.2)","(0.0, 0.0, 0.0)","(0.0, 0.0, 0.0)",
PLAYER_LOCATION,65421,3/14/2024 9:22:44 AM,00bffcf5-e140-49f9-954d-d3d78a72b521,1.4,"(1.9, 1.8, 1.2)","(0.0, 0.0, 0.0)","(0.0, 0.0, 0.0)",
PLAYER_LOCATION,65921,3/14/2024 9:22:45 AM,00bffcf5-e140-49f9-954d-d3d78a72b521,1.4,"(1.9, 1.8, 1.2)","(0.0, 0.0, 0.0)","(0.0, 0.0, 0.0)",
PLAYER_LOCATION,65921,3/14/2024 9:22:45 AM,00bffcf5-e140-49f9-954d-d3d78a72b521,1.4,"(1.9, 1.8, 1.2)","(0.0, 0.0, 0.0)","(0.0, 0.0, 0.0)",
PLAYER_LOCATION,66421,3/14/2024 9:22:45 AM,00bffcf5-e140-49f9-954d-d3d78a72b521,1.4,"(1.9, 1.8, 1.2)","(0.0, 0.0, 0.0)","(0.0, 0.0, 0.0)",
PLAYER_LOCATION,66421,3/14/2024 9:22:45 AM,00bffcf5-e140-49f9-954d-d3d78a72b521,1.4,"(1.9, 1.8, 1.2)","(0.0, 0.0, 0.0)","(0.0, 0.0, 0.0)",
PLAYER_LOCATION,66921,3/14/2024 9:22:46 AM,00bffcf5-e140-49f9-954d-d3d78a72b521,1.4,"(1.9, 1.8, 1.2)","(0.0, 0.0, 0.0)","(0.0, 0.0, 0.0)",
PLAYER_LOCATION,66921,3/14/2024 9:22:46 AM,00bffcf5-e140-49f9-954d-d3d78a72b521,1.4,"(1.9, 1.8, 1.2)","(0.0, 0.0, 0.0)","(0.0, 0.0, 0.0)",
PLAYER_LOCATION,67422,3/14/2024 9:22:46 AM,00bffcf5-e140-49f9-954d-d3d78a72b521,1.4,"(1.9, 1.8, 1.2)","(0.0, 0.0, 0.0)","(0.0, 0.0, 0.0)",
PLAYER_LOCATION,67422,3/14/2024 9:22:46 AM,00bffcf5-e140-49f9-954d-d3d78a72b521,1.4,"(1.9, 1.8, 1.2)","(0.0, 0.0, 0.0)","(0.0, 0.0, 0.0)",
PLAYER_LOCATION,67927,3/14/2024 9:22:47 AM,00bffcf5-e140-49f9-954d-d3d78a72b521,1.4,"(1.9, 1.8, 1.2)","(0.0, 0.0, 0.0)","(0.0, 0.0, 0.0)",
PLAYER_LOCATION,67927,3/14/2024 9:22:47 AM,00bffcf5-e140-49f9-954d-d3d78a72b521,1.4,"(1.9, 1.8, 1.2)","(0.0, 0.0, 0.0)","(0.0, 0.0, 0.0)",
PLAYER_LOCATION,68431,3/14/2024 9:22:47 AM,00bffcf5-e140-49f9-954d-d3d78a72b521,1.4,"(1.9, 1.8, 1.2)","(0.0, 0.0, 0.0)","(0.0, 0.0, 0.0)",
PLAYER_LOCATION,68431,3/14/2024 9:22:47 AM,00bffcf5-e140-49f9-954d-d3d78a72b521,1.4,"(1.9, 1.8, 1.2)","(0.0, 0.0, 0.0)","(0.0, 0.0, 0.0)",
PLAYER_LOCATION,68931,3/14/2024 9:22:48 AM,00bffcf5-e140-49f9-954d-d3d78a72b521,1.4,"(1.9, 1.8, 1.2)","(0.0, 0.0, 0.0)","(0.0, 0.0, 0.0)",
PLAYER_LOCATION,68931,3/14/2024 9:22:48 AM,00bffcf5-e140-49f9-954d-d3d78a72b521,1.4,"(1.9, 1.8, 1.2)","(0.0, 0.0, 0.0)","(0.0, 0.0, 0.0)",
PLAYER_LOCATION,69433,3/14/2024 9:22:48 AM,00bffcf5-e140-49f9-954d-d3d78a72b521,1.4,"(1.9, 1.8, 1.2)","(0.0, 0.0, 0.0)","(0.0, 0.0, 0.0)",
PLAYER_LOCATION,69433,3/14/2024 9:22:48 AM,00bffcf5-e140-49f9-954d-d3d78a72b521,1.4,"(1.9, 1.8, 1.2)","(0.0, 0.0, 0.0)","(0.0, 0.0, 0.0)",
PLAYER_LOCATION,69933,3/14/2024 9:22:49 AM,00bffcf5-e140-49f9-954d-d3d78a72b521,1.4,"(1.9, 1.8, 1.2)","(0.0, 0.0, 0.0)","(0.0, 0.0, 0.0)",
PLAYER_LOCATION,69933,3/14/2024 9:22:49 AM,00bffcf5-e140-49f9-954d-d3d78a72b521,1.4,"(1.9, 1.8, 1.2)","(0.0, 0.0, 0.0)","(0.0, 0.0, 0.0)",
PLAYER_LOCATION,70434,3/14/2024 9:22:49 AM,00bffcf5-e140-49f9-954d-d3d78a72b521,1.4,"(1.9, 1.8, 1.2)","(0.0, 0.0, 0.0)","(0.0, 0.0, 0.0)",
PLAYER_LOCATION,70434,3/14/2024 9:22:49 AM,00bffcf5-e140-49f9-954d-d3d78a72b521,1.4,"(1.9, 1.8, 1.2)","(0.0, 0.0, 0.0)","(0.0, 0.0, 0.0)",
PLAYER_LOCATION,70934,3/14/2024 9:22:50 AM,00bffcf5-e140-49f9-954d-d3d78a72b521,1.4,"(1.9, 1.8, 1.2)","(0.0, 0.0, 0.0)","(0.0, 0.0, 0.0)",
PLAYER_LOCATION,70934,3/14/2024 9:22:50 AM,00bffcf5-e140-49f9-954d-d3d78a72b521,1.4,"(1.9, 1.8, 1.2)","(0.0, 0.0, 0.0)","(0.0, 0.0, 0.0)",
PLAYER_LOCATION,71436,3/14/2024 9:22:50 AM,00bffcf5-e140-49f9-954d-d3d78a72b521,1.4,"(1.9, 1.8, 1.2)","(0.0, 0.0, 0.0)","(0.0, 0.0, 0.0)",
PLAYER_LOCATION,71436,3/14/2024 9:22:50 AM,00bffcf5-e140-49f9-954d-d3d78a72b521,1.4,"(1.9, 1.8, 1.2)","(0.0, 0.0, 0.0)","(0.0, 0.0, 0.0)",
PLAYER_LOCATION,71936,3/14/2024 9:22:51 AM,00bffcf5-e140-49f9-954d-d3d78a72b521,1.4,"(1.9, 1.8, 1.2)","(0.0, 0.0, 0.0)","(0.0, 0.0, 0.0)",
PLAYER_LOCATION,71936,3/14/2024 9:22:51 AM,00bffcf5-e140-49f9-954d-d3d78a72b521,1.4,"(1.9, 1.8, 1.2)","(0.0, 0.0, 0.0)","(0.0, 0.0, 0.0)",
PLAYER_LOCATION,72437,3/14/2024 9:22:51 AM,00bffcf5-e140-49f9-954d-d3d78a72b521,1.4,"(1.9, 1.8, 1.2)","(0.0, 0.0, 0.0)","(0.0, 0.0, 0.0)",
PLAYER_LOCATION,72437,3/14/2024 9:22:51 AM,00bffcf5-e140-49f9-954d-d3d78a72b521,1.4,"(1.9, 1.8, 1.2)","(0.0, 0.0, 0.0)","(0.0, 0.0, 0.0)",
PLAYER_LOCATION,72937,3/14/2024 9:22:52 AM,00bffcf5-e140-49f9-954d-d3d78a72b521,1.4,"(1.9, 1.8, 1.2)","(0.0, 0.0, 0.0)","(0.0, 0.0, 0.0)",
PLAYER_LOCATION,72937,3/14/2024 9:22:52 AM,00bffcf5-e140-49f9-954d-d3d78a72b521,1.4,"(1.9, 1.8, 1.2)","(0.0, 0.0, 0.0)","(0.0, 0.0, 0.0)",
PLAYER_LOCATION,73438,3/14/2024 9:22:52 AM,00bffcf5-e140-49f9-954d-d3d78a72b521,1.4,"(1.9, 1.8, 1.2)","(0.0, 0.0, 0.0)","(0.0, 0.0, 0.0)",
PLAYER_LOCATION,73438,3/14/2024 9:22:52 AM,00bffcf5-e140-49f9-954d-d3d78a72b521,1.4,"(1.9, 1.8, 1.2)","(0.0, 0.0, 0.0)","(0.0, 0.0, 0.0)",
PLAYER_LOCATION,73939,3/14/2024 9:22:53 AM,00bffcf5-e140-49f9-954d-d3d78a72b521,1.4,"(1.9, 1.8, 1.2)","(0.0, 0.0, 0.0)","(0.0, 0.0, 0.0)",
PLAYER_LOCATION,73939,3/14/2024 9:22:53 AM,00bffcf5-e140-49f9-954d-d3d78a72b521,1.4,"(1.9, 1.8, 1.2)","(0.0, 0.0, 0.0)","(0.0, 0.0, 0.0)",
PLAYER_LOCATION,74440,3/14/2024 9:22:53 AM,00bffcf5-e140-49f9-954d-d3d78a72b521,1.4,"(1.9, 1.8, 1.2)","(0.0, 0.0, 0.0)","(0.0, 0.0, 0.0)",
PLAYER_LOCATION,74440,3/14/2024 9:22:53 AM,00bffcf5-e140-49f9-954d-d3d78a72b521,1.4,"(1.9, 1.8, 1.2)","(0.0, 0.0, 0.0)","(0.0, 0.0, 0.0)",
PLAYER_LOCATION,74940,3/14/2024 9:22:54 AM,00bffcf5-e140-49f9-954d-d3d78a72b521,1.4,"(1.9, 1.8, 1.2)","(0.0, 0.0, 0.0)","(0.0, 0.0, 0.0)",
PLAYER_LOCATION,74940,3/14/2024 9:22:54 AM,00bffcf5-e140-49f9-954d-d3d78a72b521,1.4,"(1.9, 1.8, 1.2)","(0.0, 0.0, 0.0)","(0.0, 0.0, 0.0)",
PLAYER_LOCATION,75440,3/14/2024 9:22:54 AM,00bffcf5-e140-49f9-954d-d3d78a72b521,1.4,"(1.9, 1.8, 1.2)","(0.0, 0.0, 0.0)","(0.0, 0.0, 0.0)",
PLAYER_LOCATION,75440,3/14/2024 9:22:54 AM,00bffcf5-e140-49f9-954d-d3d78a72b521,1.4,"(1.9, 1.8, 1.2)","(0.0, 0.0, 0.0)","(0.0, 0.0, 0.0)",
PLAYER_LOCATION,75941,3/14/2024 9:22:55 AM,00bffcf5-e140-49f9-954d-d3d78a72b521,1.4,"(1.9, 1.8, 1.2)","(0.0, 0.0, 0.0)","(0.0, 0.0, 0.0)",
PLAYER_LOCATION,75941,3/14/2024 9:22:55 AM,00bffcf5-e140-49f9-954d-d3d78a72b521,1.4,"(1.9, 1.8, 1.2)","(0.0, 0.0, 0.0)","(0.0, 0.0, 0.0)",
PLAYER_LOCATION,76445,3/14/2024 9:22:55 AM,00bffcf5-e140-49f9-954d-d3d78a72b521,1.4,"(1.9, 1.8, 1.2)","(0.0, 0.0, 0.0)","(0.0, 0.0, 0.0)",
PLAYER_LOCATION,76445,3/14/2024 9:22:55 AM,00bffcf5-e140-49f9-954d-d3d78a72b521,1.4,"(1.9, 1.8, 1.2)","(0.0, 0.0, 0.0)","(0.0, 0.0, 0.0)",
PLAYER_LOCATION,76949,3/14/2024 9:22:56 AM,00bffcf5-e140-49f9-954d-d3d78a72b521,1.4,"(1.9, 1.8, 1.2)","(0.0, 0.0, 0.0)","(0.0, 0.0, 0.0)",
PLAYER_LOCATION,76949,3/14/2024 9:22:56 AM,00bffcf5-e140-49f9-954d-d3d78a72b521,1.4,"(1.9, 1.8, 1.2)","(0.0, 0.0, 0.0)","(0.0, 0.0, 0.0)",
PLAYER_LOCATION,77452,3/14/2024 9:22:56 AM,00bffcf5-e140-49f9-954d-d3d78a72b521,1.4,"(1.9, 1.8, 1.2)","(0.0, 0.0, 0.0)","(0.0, 0.0, 0.0)",
PLAYER_LOCATION,77452,3/14/2024 9:22:56 AM,00bffcf5-e140-49f9-954d-d3d78a72b521,1.4,"(1.9, 1.8, 1.2)","(0.0, 0.0, 0.0)","(0.0, 0.0, 0.0)",
PLAYER_LOCATION,77956,3/14/2024 9:22:57 AM,00bffcf5-e140-49f9-954d-d3d78a72b521,1.4,"(1.9, 1.8, 1.2)","(0.0, 0.0, 0.0)","(0.0, 0.0, 0.0)",
PLAYER_LOCATION,77956,3/14/2024 9:22:57 AM,00bffcf5-e140-49f9-954d-d3d78a72b521,1.4,"(1.9, 1.8, 1.2)","(0.0, 0.0, 0.0)","(0.0, 0.0, 0.0)",
PLAYER_LOCATION,78456,3/14/2024 9:22:57 AM,00bffcf5-e140-49f9-954d-d3d78a72b521,1.4,"(1.9, 1.8, 1.2)","(0.0, 0.0, 0.0)","(0.0, 0.0, 0.0)",
PLAYER_LOCATION,78456,3/14/2024 9:22:57 AM,00bffcf5-e140-49f9-954d-d3d78a72b521,1.4,"(1.9, 1.8, 1.2)","(0.0, 0.0, 0.0)","(0.0, 0.0, 0.0)",
PLAYER_LOCATION,78957,3/14/2024 9:22:58 AM,00bffcf5-e140-49f9-954d-d3d78a72b521,1.4,"(1.9, 1.8, 1.2)","(0.0, 0.0, 0.0)","(0.0, 0.0, 0.0)",
PLAYER_LOCATION,78957,3/14/2024 9:22:58 AM,00bffcf5-e140-49f9-954d-d3d78a72b521,1.4,"(1.9, 1.8, 1.2)","(0.0, 0.0, 0.0)","(0.0, 0.0, 0.0)",
PLAYER_LOCATION,79457,3/14/2024 9:22:58 AM,00bffcf5-e140-49f9-954d-d3d78a72b521,1.4,"(1.9, 1.8, 1.2)","(0.0, 0.0, 0.0)","(0.0, 0.0, 0.0)",
PLAYER_LOCATION,79457,3/14/2024 9:22:58 AM,00bffcf5-e140-49f9-954d-d3d78a72b521,1.4,"(1.9, 1.8, 1.2)","(0.0, 0.0, 0.0)","(0.0, 0.0, 0.0)",
PLAYER_LOCATION,79962,3/14/2024 9:22:59 AM,00bffcf5-e140-49f9-954d-d3d78a72b521,1.4,"(1.9, 1.8, 1.2)","(0.0, 0.0, 0.0)","(0.0, 0.0, 0.0)",
PLAYER_LOCATION,79962,3/14/2024 9:22:59 AM,00bffcf5-e140-49f9-954d-d3d78a72b521,1.4,"(1.9, 1.8, 1.2)","(0.0, 0.0, 0.0)","(0.0, 0.0, 0.0)",
PLAYER_LOCATION,80462,3/14/2024 9:22:59 AM,00bffcf5-e140-49f9-954d-d3d78a72b521,1.4,"(1.9, 1.8, 1.2)","(0.0, 0.0, 0.0)","(0.0, 0.0, 0.0)",
PLAYER_LOCATION,80462,3/14/2024 9:22:59 AM,00bffcf5-e140-49f9-954d-d3d78a72b521,1.4,"(1.9, 1.8, 1.2)","(0.0, 0.0, 0.0)","(0.0, 0.0, 0.0)",
PLAYER_LOCATION,80963,3/14/2024 9:23:00 AM,00bffcf5-e140-49f9-954d-d3d78a72b521,1.4,"(1.9, 1.8, 1.2)","(0.0, 0.0, 0.0)","(0.0, 0.0, 0.0)",
PLAYER_LOCATION,80963,3/14/2024 9:23:00 AM,00bffcf5-e140-49f9-954d-d3d78a72b521,1.4,"(1.9, 1.8, 1.2)","(0.0, 0.0, 0.0)","(0.0, 0.0, 0.0)",
PLAYER_LOCATION,81466,3/14/2024 9:23:00 AM,00bffcf5-e140-49f9-954d-d3d78a72b521,1.4,"(1.9, 1.8, 1.2)","(0.0, 0.0, 0.0)","(0.0, 0.0, 0.0)",
PLAYER_LOCATION,81466,3/14/2024 9:23:00 AM,00bffcf5-e140-49f9-954d-d3d78a72b521,1.4,"(1.9, 1.8, 1.2)","(0.0, 0.0, 0.0)","(0.0, 0.0, 0.0)",
PLAYER_LOCATION,81967,3/14/2024 9:23:01 AM,00bffcf5-e140-49f9-954d-d3d78a72b521,1.4,"(1.9, 1.8, 1.2)","(0.0, 0.0, 0.0)","(0.0, 0.0, 0.0)",
PLAYER_LOCATION,81967,3/14/2024 9:23:01 AM,00bffcf5-e140-49f9-954d-d3d78a72b521,1.4,"(1.9, 1.8, 1.2)","(0.0, 0.0, 0.0)","(0.0, 0.0, 0.0)",
PLAYER_LOCATION,82468,3/14/2024 9:23:01 AM,00bffcf5-e140-49f9-954d-d3d78a72b521,1.4,"(1.9, 1.8, 1.2)","(0.0, 0.0, 0.0)","(0.0, 0.0, 0.0)",
PLAYER_LOCATION,82468,3/14/2024 9:23:01 AM,00bffcf5-e140-49f9-954d-d3d78a72b521,1.4,"(1.9, 1.8, 1.2)","(0.0, 0.0, 0.0)","(0.0, 0.0, 0.0)",
PLAYER_LOCATION,82973,3/14/2024 9:23:02 AM,00bffcf5-e140-49f9-954d-d3d78a72b521,1.4,"(1.9, 1.8, 1.2)","(0.0, 0.0, 0.0)","(0.0, 0.0, 0.0)",
PLAYER_LOCATION,82973,3/14/2024 9:23:02 AM,00bffcf5-e140-49f9-954d-d3d78a72b521,1.4,"(1.9, 1.8, 1.2)","(0.0, 0.0, 0.0)","(0.0, 0.0, 0.0)",
PLAYER_LOCATION,83474,3/14/2024 9:23:02 AM,00bffcf5-e140-49f9-954d-d3d78a72b521,1.4,"(1.9, 1.8, 1.2)","(0.0, 0.0, 0.0)","(0.0, 0.0, 0.0)",
PLAYER_LOCATION,83474,3/14/2024 9:23:02 AM,00bffcf5-e140-49f9-954d-d3d78a72b521,1.4,"(1.9, 1.8, 1.2)","(0.0, 0.0, 0.0)","(0.0, 0.0, 0.0)",
PLAYER_LOCATION,83974,3/14/2024 9:23:03 AM,00bffcf5-e140-49f9-954d-d3d78a72b521,1.4,"(1.9, 1.8, 1.2)","(0.0, 0.0, 0.0)","(0.0, 0.0, 0.0)",
PLAYER_LOCATION,83974,3/14/2024 9:23:03 AM,00bffcf5-e140-49f9-954d-d3d78a72b521,1.4,"(1.9, 1.8, 1.2)","(0.0, 0.0, 0.0)","(0.0, 0.0, 0.0)",
PLAYER_LOCATION,92633,3/14/2024 9:23:11 AM,00bffcf5-e140-49f9-954d-d3d78a72b521,1.4,"(-21.7, 1.8, -4.0)","(0.0, 0.0, 0.0)","(0.0, 0.0, 0.0)",
PLAYER_LOCATION,92633,3/14/2024 9:23:11 AM,00bffcf5-e140-49f9-954d-d3d78a72b521,1.4,"(-21.7, 1.8, -4.0)","(0.0, 0.0, 0.0)","(0.0, 0.0, 0.0)",
PATIENT_DEMOTED,92892,3/14/2024 9:23:12 AM,00bffcf5-e140-49f9-954d-d3d78a72b521,1.4,100,Infinity,Patient U Root,"(-22.3, 0.0, -11.0)","(0.0, 0.4, 0.0, 0.9)",DELAYED,waver,normal,normal,normal,upset,sittingGround,
PATIENT_DEMOTED,93036,3/14/2024 9:23:12 AM,00bffcf5-e140-49f9-954d-d3d78a72b521,1.4,100,Infinity,Patient V Root,"(-19.2, 0.0, -10.4)","(0.0, -0.3, 0.0, 1.0)",IMMEDIATE,waver,fast,fast,normal,agony,supine,
PATIENT_DEMOTED,93036,3/14/2024 9:23:12 AM,00bffcf5-e140-49f9-954d-d3d78a72b521,1.4,100,Infinity,Patient W Root,"(-14.6, 0.0, 4.9)","(0.0, 0.8, 0.0, 0.6)",DELAYED,waver,normal,normal,normal,agony,supine,
PLAYER_LOCATION,93188,3/14/2024 9:23:12 AM,00bffcf5-e140-49f9-954d-d3d78a72b521,1.4,"(-21.7, 1.8, -4.0)","(0.0, 0.0, 0.0)","(0.0, 0.0, 0.0)",
PLAYER_LOCATION,93188,3/14/2024 9:23:12 AM,00bffcf5-e140-49f9-954d-d3d78a72b521,1.4,"(-21.7, 1.8, -4.0)","(0.0, 0.0, 0.0)","(0.0, 0.0, 0.0)",
PATIENT_DEMOTED,93312,3/14/2024 9:23:12 AM,00bffcf5-e140-49f9-954d-d3d78a72b521,1.4,100,Infinity,Adept Shooter Root,"(20.4, 8.3, -24.8)","(0.0, -1.0, 0.0, 0.2)",IMMEDIATE,still,fast,fast,normal,dead,supine,
PATIENT_DEMOTED,93572,3/14/2024 9:23:12 AM,00bffcf5-e140-49f9-954d-d3d78a72b521,1.4,100,Infinity,Adept Victim Root,"(21.1, 8.3, -28.5)","(0.0, -0.1, 0.0, 1.0)",EXPECTANT,still,faint,restricted,normal,dead,supine,
PLAYER_LOCATION,93718,3/14/2024 9:23:13 AM,00bffcf5-e140-49f9-954d-d3d78a72b521,1.4,"(-21.7, 1.8, -4.0)","(0.0, 0.0, 0.0)","(0.0, 0.0, 0.0)",
PLAYER_LOCATION,93718,3/14/2024 9:23:13 AM,00bffcf5-e140-49f9-954d-d3d78a72b521,1.4,"(-21.7, 1.8, -4.0)","(0.0, 0.0, 0.0)","(0.0, 0.0, 0.0)",
PATIENT_DEMOTED,94239,3/14/2024 9:23:13 AM,00bffcf5-e140-49f9-954d-d3d78a72b521,1.4,100,Infinity,Marine 1 Male Root,"(5.5, 0.0, 21.4)","(0.0, -1.0, 0.0, 0.2)",EXPECTANT,still,faint,restricted,normal,dead,supine,
PATIENT_DEMOTED,94515,3/14/2024 9:23:13 AM,00bffcf5-e140-49f9-954d-d3d78a72b521,1.4,100,Infinity,Marine 2 Male Root,"(5.6, 0.0, 10.7)","(0.0, -0.9, 0.0, 0.4)",IMMEDIATE,waver,fast,normal,normal,upset,sittingGround,
PATIENT_DEMOTED,94516,3/14/2024 9:23:13 AM,00bffcf5-e140-49f9-954d-d3d78a72b521,1.4,100,Infinity,Marine 3 Male Root,"(5.4, 0.0, 10.9)","(0.0, 1.0, 0.0, 0.2)",IMMEDIATE,waver,fast,fast,normal,agony,supine,
PLAYER_LOCATION,94517,3/14/2024 9:23:13 AM,00bffcf5-e140-49f9-954d-d3d78a72b521,1.4,"(-21.7, 1.8, -4.0)","(0.0, 0.0, 0.0)","(0.0, 0.0, 0.0)",
PLAYER_LOCATION,94517,3/14/2024 9:23:13 AM,00bffcf5-e140-49f9-954d-d3d78a72b521,1.4,"(-21.7, 1.8, -4.0)","(0.0, 0.0, 0.0)","(0.0, 0.0, 0.0)",
PATIENT_DEMOTED,94693,3/14/2024 9:23:13 AM,00bffcf5-e140-49f9-954d-d3d78a72b521,1.4,100,Infinity,Marine 4 Male Root,"(5.7, 0.0, 19.2)","(0.0, -0.8, 0.0, 0.5)",IMMEDIATE,waver,fast,fast,normal,agony,sittingGround,
PATIENT_DEMOTED,94731,3/14/2024 9:23:14 AM,00bffcf5-e140-49f9-954d-d3d78a72b521,1.4,100,Infinity,Civilian 1 Female Root,"(5.9, 0.0, 5.1)","(0.0, 0.1, 0.0, 1.0)",IMMEDIATE,waver,fast,fast,normal,agony,supine,
PLAYER_LOCATION,95010,3/14/2024 9:23:14 AM,00bffcf5-e140-49f9-954d-d3d78a72b521,1.4,"(-21.7, 1.8, -4.0)","(0.0, 0.0, 0.0)","(0.0, 0.0, 0.0)",
PLAYER_LOCATION,95010,3/14/2024 9:23:14 AM,00bffcf5-e140-49f9-954d-d3d78a72b521,1.4,"(-21.7, 1.8, -4.0)","(0.0, 0.0, 0.0)","(0.0, 0.0, 0.0)",
PLAYER_LOCATION,95518,3/14/2024 9:23:14 AM,00bffcf5-e140-49f9-954d-d3d78a72b521,1.4,"(-21.7, 1.8, -4.0)","(0.0, 0.0, 0.0)","(0.0, 0.0, 0.0)",
PLAYER_LOCATION,95518,3/14/2024 9:23:14 AM,00bffcf5-e140-49f9-954d-d3d78a72b521,1.4,"(-21.7, 1.8, -4.0)","(0.0, 0.0, 0.0)","(0.0, 0.0, 0.0)",
PLAYER_LOCATION,96024,3/14/2024 9:23:15 AM,00bffcf5-e140-49f9-954d-d3d78a72b521,1.4,"(-21.7, 1.8, -4.0)","(0.0, 0.0, 0.0)","(0.0, 0.0, 0.0)",
PLAYER_LOCATION,96024,3/14/2024 9:23:15 AM,00bffcf5-e140-49f9-954d-d3d78a72b521,1.4,"(-21.7, 1.8, -4.0)","(0.0, 0.0, 0.0)","(0.0, 0.0, 0.0)",
PLAYER_LOCATION,96531,3/14/2024 9:23:15 AM,00bffcf5-e140-49f9-954d-d3d78a72b521,1.4,"(-21.7, 1.8, -4.0)","(0.0, 0.0, 0.0)","(0.0, 0.0, 0.0)",
PLAYER_LOCATION,96531,3/14/2024 9:23:15 AM,00bffcf5-e140-49f9-954d-d3d78a72b521,1.4,"(-21.7, 1.8, -4.0)","(0.0, 0.0, 0.0)","(0.0, 0.0, 0.0)",
PLAYER_LOCATION,97032,3/14/2024 9:23:16 AM,00bffcf5-e140-49f9-954d-d3d78a72b521,1.4,"(-21.7, 1.8, -4.0)","(0.0, 0.0, 0.0)","(0.0, 0.0, 0.0)",
PLAYER_LOCATION,97032,3/14/2024 9:23:16 AM,00bffcf5-e140-49f9-954d-d3d78a72b521,1.4,"(-21.7, 1.8, -4.0)","(0.0, 0.0, 0.0)","(0.0, 0.0, 0.0)",
PLAYER_LOCATION,97533,3/14/2024 9:23:16 AM,00bffcf5-e140-49f9-954d-d3d78a72b521,1.4,"(-21.7, 1.8, -4.0)","(0.0, 0.0, 0.0)","(0.0, 0.0, 0.0)",
PLAYER_LOCATION,97533,3/14/2024 9:23:16 AM,00bffcf5-e140-49f9-954d-d3d78a72b521,1.4,"(-21.7, 1.8, -4.0)","(0.0, 0.0, 0.0)","(0.0, 0.0, 0.0)",
PLAYER_LOCATION,98040,3/14/2024 9:23:17 AM,00bffcf5-e140-49f9-954d-d3d78a72b521,1.4,"(-21.7, 1.8, -4.0)","(0.0, 0.0, 0.0)","(0.0, 0.0, 0.0)",
PLAYER_LOCATION,98040,3/14/2024 9:23:17 AM,00bffcf5-e140-49f9-954d-d3d78a72b521,1.4,"(-21.7, 1.8, -4.0)","(0.0, 0.0, 0.0)","(0.0, 0.0, 0.0)",
PLAYER_LOCATION,98545,3/14/2024 9:23:17 AM,00bffcf5-e140-49f9-954d-d3d78a72b521,1.4,"(-21.7, 1.8, -4.0)","(0.0, 0.0, 0.0)","(0.0, 0.0, 0.0)",
PLAYER_LOCATION,98545,3/14/2024 9:23:17 AM,00bffcf5-e140-49f9-954d-d3d78a72b521,1.4,"(-21.7, 1.8, -4.0)","(0.0, 0.0, 0.0)","(0.0, 0.0, 0.0)",
PLAYER_LOCATION,99052,3/14/2024 9:23:18 AM,00bffcf5-e140-49f9-954d-d3d78a72b521,1.4,"(-21.7, 1.8, -4.0)","(0.0, 0.0, 0.0)","(0.0, 0.0, 0.0)",
PLAYER_LOCATION,99052,3/14/2024 9:23:18 AM,00bffcf5-e140-49f9-954d-d3d78a72b521,1.4,"(-21.7, 1.8, -4.0)","(0.0, 0.0, 0.0)","(0.0, 0.0, 0.0)",
PLAYER_LOCATION,99562,3/14/2024 9:23:18 AM,00bffcf5-e140-49f9-954d-d3d78a72b521,1.4,"(-21.7, 1.8, -4.0)","(0.0, 0.0, 0.0)","(0.0, 0.0, 0.0)",
PLAYER_LOCATION,99562,3/14/2024 9:23:18 AM,00bffcf5-e140-49f9-954d-d3d78a72b521,1.4,"(-21.7, 1.8, -4.0)","(0.0, 0.0, 0.0)","(0.0, 0.0, 0.0)",
PLAYER_LOCATION,100064,3/14/2024 9:23:19 AM,00bffcf5-e140-49f9-954d-d3d78a72b521,1.4,"(-21.7, 1.8, -4.0)","(0.0, 0.0, 0.0)","(0.0, 0.0, 0.0)",
PLAYER_LOCATION,100064,3/14/2024 9:23:19 AM,00bffcf5-e140-49f9-954d-d3d78a72b521,1.4,"(-21.7, 1.8, -4.0)","(0.0, 0.0, 0.0)","(0.0, 0.0, 0.0)",
PLAYER_LOCATION,100564,3/14/2024 9:23:19 AM,00bffcf5-e140-49f9-954d-d3d78a72b521,1.4,"(-21.7, 1.8, -4.0)","(0.0, 0.0, 0.0)","(0.0, 0.0, 0.0)",
PLAYER_LOCATION,100564,3/14/2024 9:23:19 AM,00bffcf5-e140-49f9-954d-d3d78a72b521,1.4,"(-21.7, 1.8, -4.0)","(0.0, 0.0, 0.0)","(0.0, 0.0, 0.0)",
PLAYER_LOCATION,101072,3/14/2024 9:23:20 AM,00bffcf5-e140-49f9-954d-d3d78a72b521,1.4,"(-21.7, 1.8, -4.0)","(0.0, 0.0, 0.0)","(0.0, 0.0, 0.0)",
PLAYER_LOCATION,101072,3/14/2024 9:23:20 AM,00bffcf5-e140-49f9-954d-d3d78a72b521,1.4,"(-21.7, 1.8, -4.0)","(0.0, 0.0, 0.0)","(0.0, 0.0, 0.0)",
PLAYER_LOCATION,101575,3/14/2024 9:23:20 AM,00bffcf5-e140-49f9-954d-d3d78a72b521,1.4,"(-21.7, 1.8, -4.0)","(0.0, 0.0, 0.0)","(0.0, 0.0, 0.0)",
PLAYER_LOCATION,101575,3/14/2024 9:23:20 AM,00bffcf5-e140-49f9-954d-d3d78a72b521,1.4,"(-21.7, 1.8, -4.0)","(0.0, 0.0, 0.0)","(0.0, 0.0, 0.0)",
PLAYER_LOCATION,102077,3/14/2024 9:23:21 AM,00bffcf5-e140-49f9-954d-d3d78a72b521,1.4,"(-21.7, 1.8, -4.0)","(0.0, 0.0, 0.0)","(0.0, 0.0, 0.0)",
PLAYER_LOCATION,102077,3/14/2024 9:23:21 AM,00bffcf5-e140-49f9-954d-d3d78a72b521,1.4,"(-21.7, 1.8, -4.0)","(0.0, 0.0, 0.0)","(0.0, 0.0, 0.0)",
PLAYER_LOCATION,102586,3/14/2024 9:23:21 AM,00bffcf5-e140-49f9-954d-d3d78a72b521,1.4,"(-21.7, 1.8, -4.0)","(0.0, 0.0, 0.0)","(0.0, 0.0, 0.0)",
PLAYER_LOCATION,102586,3/14/2024 9:23:21 AM,00bffcf5-e140-49f9-954d-d3d78a72b521,1.4,"(-21.7, 1.8, -4.0)","(0.0, 0.0, 0.0)","(0.0, 0.0, 0.0)",
PLAYER_LOCATION,103089,3/14/2024 9:23:22 AM,00bffcf5-e140-49f9-954d-d3d78a72b521,1.4,"(-21.7, 1.8, -4.0)","(0.0, 0.0, 0.0)","(0.0, 0.0, 0.0)",
PLAYER_LOCATION,103089,3/14/2024 9:23:22 AM,00bffcf5-e140-49f9-954d-d3d78a72b521,1.4,"(-21.7, 1.8, -4.0)","(0.0, 0.0, 0.0)","(0.0, 0.0, 0.0)",
PLAYER_LOCATION,103590,3/14/2024 9:23:22 AM,00bffcf5-e140-49f9-954d-d3d78a72b521,1.4,"(-21.7, 1.8, -4.0)","(0.0, 0.0, 0.0)","(0.0, 0.0, 0.0)",
PLAYER_LOCATION,103590,3/14/2024 9:23:22 AM,00bffcf5-e140-49f9-954d-d3d78a72b521,1.4,"(-21.7, 1.8, -4.0)","(0.0, 0.0, 0.0)","(0.0, 0.0, 0.0)",
PLAYER_LOCATION,104096,3/14/2024 9:23:23 AM,00bffcf5-e140-49f9-954d-d3d78a72b521,1.4,"(-21.7, 1.8, -4.0)","(0.0, 0.0, 0.0)","(0.0, 0.0, 0.0)",
PLAYER_LOCATION,104096,3/14/2024 9:23:23 AM,00bffcf5-e140-49f9-954d-d3d78a72b521,1.4,"(-21.7, 1.8, -4.0)","(0.0, 0.0, 0.0)","(0.0, 0.0, 0.0)",
PLAYER_LOCATION,104595,3/14/2024 9:23:23 AM,00bffcf5-e140-49f9-954d-d3d78a72b521,1.4,"(-21.7, 1.8, -4.0)","(0.0, 0.0, 0.0)","(0.0, 0.0, 0.0)",
PLAYER_LOCATION,104595,3/14/2024 9:23:23 AM,00bffcf5-e140-49f9-954d-d3d78a72b521,1.4,"(-21.7, 1.8, -4.0)","(0.0, 0.0, 0.0)","(0.0, 0.0, 0.0)",
PLAYER_LOCATION,105104,3/14/2024 9:23:24 AM,00bffcf5-e140-49f9-954d-d3d78a72b521,1.4,"(-21.7, 1.8, -4.0)","(0.0, 0.0, 0.0)","(0.0, 0.0, 0.0)",
PLAYER_LOCATION,105104,3/14/2024 9:23:24 AM,00bffcf5-e140-49f9-954d-d3d78a72b521,1.4,"(-21.7, 1.8, -4.0)","(0.0, 0.0, 0.0)","(0.0, 0.0, 0.0)",
PLAYER_LOCATION,105605,3/14/2024 9:23:24 AM,00bffcf5-e140-49f9-954d-d3d78a72b521,1.4,"(-21.7, 1.8, -4.0)","(0.0, 0.0, 0.0)","(0.0, 0.0, 0.0)",
PLAYER_LOCATION,105605,3/14/2024 9:23:24 AM,00bffcf5-e140-49f9-954d-d3d78a72b521,1.4,"(-21.7, 1.8, -4.0)","(0.0, 0.0, 0.0)","(0.0, 0.0, 0.0)",
PLAYER_LOCATION,106126,3/14/2024 9:23:25 AM,00bffcf5-e140-49f9-954d-d3d78a72b521,1.4,"(-21.7, 1.8, -4.0)","(0.0, 0.0, 0.0)","(0.0, 0.0, 0.0)",
PLAYER_LOCATION,106126,3/14/2024 9:23:25 AM,00bffcf5-e140-49f9-954d-d3d78a72b521,1.4,"(-21.7, 1.8, -4.0)","(0.0, 0.0, 0.0)","(0.0, 0.0, 0.0)",
