PLAYER_LOCATION,1266,3/14/2024 10:07:16 AM,ac0d2d09-0fbb-4dd9-8461-51b420c20ae1,1.4,"(1.9, 1.8, 1.2)","(0.0, 0.0, 0.0)","(0.0, 0.0, 0.0)",
PLAYER_LOCATION,1266,3/14/2024 10:07:16 AM,ac0d2d09-0fbb-4dd9-8461-51b420c20ae1,1.4,"(1.9, 1.8, 1.2)","(0.0, 0.0, 0.0)","(0.0, 0.0, 0.0)",
PLAYER_LOCATION,1949,3/14/2024 10:07:17 AM,ac0d2d09-0fbb-4dd9-8461-51b420c20ae1,1.4,"(1.9, 1.8, 1.2)","(0.0, 0.0, 0.0)","(0.0, 0.0, 0.0)",
PLAYER_LOCATION,1949,3/14/2024 10:07:17 AM,ac0d2d09-0fbb-4dd9-8461-51b420c20ae1,1.4,"(1.9, 1.8, 1.2)","(0.0, 0.0, 0.0)","(0.0, 0.0, 0.0)",
PLAYER_LOCATION,2266,3/14/2024 10:07:17 AM,ac0d2d09-0fbb-4dd9-8461-51b420c20ae1,1.4,"(1.9, 1.8, 1.2)","(0.0, 0.0, 0.0)","(0.0, 0.0, 0.0)",
PLAYER_LOCATION,2266,3/14/2024 10:07:17 AM,ac0d2d09-0fbb-4dd9-8461-51b420c20ae1,1.4,"(1.9, 1.8, 1.2)","(0.0, 0.0, 0.0)","(0.0, 0.0, 0.0)",
PLAYER_LOCATION,2770,3/14/2024 10:07:18 AM,ac0d2d09-0fbb-4dd9-8461-51b420c20ae1,1.4,"(1.9, 1.8, 1.2)","(0.0, 0.0, 0.0)","(0.0, 0.0, 0.0)",
PLAYER_LOCATION,2770,3/14/2024 10:07:18 AM,ac0d2d09-0fbb-4dd9-8461-51b420c20ae1,1.4,"(1.9, 1.8, 1.2)","(0.0, 0.0, 0.0)","(0.0, 0.0, 0.0)",
PLAYER_LOCATION,3267,3/14/2024 10:07:18 AM,ac0d2d09-0fbb-4dd9-8461-51b420c20ae1,1.4,"(1.9, 1.8, 1.2)","(0.0, 0.0, 0.0)","(0.0, 0.0, 0.0)",
PLAYER_LOCATION,3267,3/14/2024 10:07:18 AM,ac0d2d09-0fbb-4dd9-8461-51b420c20ae1,1.4,"(1.9, 1.8, 1.2)","(0.0, 0.0, 0.0)","(0.0, 0.0, 0.0)",
PLAYER_LOCATION,3769,3/14/2024 10:07:19 AM,ac0d2d09-0fbb-4dd9-8461-51b420c20ae1,1.4,"(1.9, 1.8, 1.2)","(0.0, 0.0, 0.0)","(0.0, 0.0, 0.0)",
PLAYER_LOCATION,3769,3/14/2024 10:07:19 AM,ac0d2d09-0fbb-4dd9-8461-51b420c20ae1,1.4,"(1.9, 1.8, 1.2)","(0.0, 0.0, 0.0)","(0.0, 0.0, 0.0)",
PLAYER_LOCATION,4270,3/14/2024 10:07:19 AM,ac0d2d09-0fbb-4dd9-8461-51b420c20ae1,1.4,"(1.9, 1.8, 1.2)","(0.0, 0.0, 0.0)","(0.0, 0.0, 0.0)",
PLAYER_LOCATION,4270,3/14/2024 10:07:19 AM,ac0d2d09-0fbb-4dd9-8461-51b420c20ae1,1.4,"(1.9, 1.8, 1.2)","(0.0, 0.0, 0.0)","(0.0, 0.0, 0.0)",
PLAYER_LOCATION,4771,3/14/2024 10:07:20 AM,ac0d2d09-0fbb-4dd9-8461-51b420c20ae1,1.4,"(1.9, 1.8, 1.2)","(0.0, 0.0, 0.0)","(0.0, 0.0, 0.0)",
PLAYER_LOCATION,4771,3/14/2024 10:07:20 AM,ac0d2d09-0fbb-4dd9-8461-51b420c20ae1,1.4,"(1.9, 1.8, 1.2)","(0.0, 0.0, 0.0)","(0.0, 0.0, 0.0)",
PLAYER_LOCATION,5271,3/14/2024 10:07:20 AM,ac0d2d09-0fbb-4dd9-8461-51b420c20ae1,1.4,"(1.9, 1.8, 1.2)","(0.0, 0.0, 0.0)","(0.0, 0.0, 0.0)",
PLAYER_LOCATION,5271,3/14/2024 10:07:20 AM,ac0d2d09-0fbb-4dd9-8461-51b420c20ae1,1.4,"(1.9, 1.8, 1.2)","(0.0, 0.0, 0.0)","(0.0, 0.0, 0.0)",
PLAYER_LOCATION,5772,3/14/2024 10:07:21 AM,ac0d2d09-0fbb-4dd9-8461-51b420c20ae1,1.4,"(1.9, 1.8, 1.2)","(0.0, 0.0, 0.0)","(0.0, 0.0, 0.0)",
PLAYER_LOCATION,5772,3/14/2024 10:07:21 AM,ac0d2d09-0fbb-4dd9-8461-51b420c20ae1,1.4,"(1.9, 1.8, 1.2)","(0.0, 0.0, 0.0)","(0.0, 0.0, 0.0)",
PLAYER_LOCATION,6273,3/14/2024 10:07:21 AM,ac0d2d09-0fbb-4dd9-8461-51b420c20ae1,1.4,"(1.9, 1.8, 1.2)","(0.0, 0.0, 0.0)","(0.0, 0.0, 0.0)",
PLAYER_LOCATION,6273,3/14/2024 10:07:21 AM,ac0d2d09-0fbb-4dd9-8461-51b420c20ae1,1.4,"(1.9, 1.8, 1.2)","(0.0, 0.0, 0.0)","(0.0, 0.0, 0.0)",
PLAYER_LOCATION,6774,3/14/2024 10:07:22 AM,ac0d2d09-0fbb-4dd9-8461-51b420c20ae1,1.4,"(1.9, 1.8, 1.2)","(0.0, 0.0, 0.0)","(0.0, 0.0, 0.0)",
PLAYER_LOCATION,6774,3/14/2024 10:07:22 AM,ac0d2d09-0fbb-4dd9-8461-51b420c20ae1,1.4,"(1.9, 1.8, 1.2)","(0.0, 0.0, 0.0)","(0.0, 0.0, 0.0)",
PLAYER_LOCATION,7274,3/14/2024 10:07:22 AM,ac0d2d09-0fbb-4dd9-8461-51b420c20ae1,1.4,"(1.9, 1.8, 1.2)","(0.0, 0.0, 0.0)","(0.0, 0.0, 0.0)",
PLAYER_LOCATION,7274,3/14/2024 10:07:22 AM,ac0d2d09-0fbb-4dd9-8461-51b420c20ae1,1.4,"(1.9, 1.8, 1.2)","(0.0, 0.0, 0.0)","(0.0, 0.0, 0.0)",
PLAYER_LOCATION,7775,3/14/2024 10:07:23 AM,ac0d2d09-0fbb-4dd9-8461-51b420c20ae1,1.4,"(1.9, 1.8, 1.2)","(0.0, 0.0, 0.0)","(0.0, 0.0, 0.0)",
PLAYER_LOCATION,7775,3/14/2024 10:07:23 AM,ac0d2d09-0fbb-4dd9-8461-51b420c20ae1,1.4,"(1.9, 1.8, 1.2)","(0.0, 0.0, 0.0)","(0.0, 0.0, 0.0)",
PLAYER_LOCATION,8276,3/14/2024 10:07:23 AM,ac0d2d09-0fbb-4dd9-8461-51b420c20ae1,1.4,"(1.9, 1.8, 1.2)","(0.0, 0.0, 0.0)","(0.0, 0.0, 0.0)",
PLAYER_LOCATION,8276,3/14/2024 10:07:23 AM,ac0d2d09-0fbb-4dd9-8461-51b420c20ae1,1.4,"(1.9, 1.8, 1.2)","(0.0, 0.0, 0.0)","(0.0, 0.0, 0.0)",
PLAYER_LOCATION,8777,3/14/2024 10:07:24 AM,ac0d2d09-0fbb-4dd9-8461-51b420c20ae1,1.4,"(1.9, 1.8, 1.2)","(0.0, 0.0, 0.0)","(0.0, 0.0, 0.0)",
PLAYER_LOCATION,8777,3/14/2024 10:07:24 AM,ac0d2d09-0fbb-4dd9-8461-51b420c20ae1,1.4,"(1.9, 1.8, 1.2)","(0.0, 0.0, 0.0)","(0.0, 0.0, 0.0)",
PLAYER_LOCATION,9282,3/14/2024 10:07:24 AM,ac0d2d09-0fbb-4dd9-8461-51b420c20ae1,1.4,"(1.9, 1.8, 1.2)","(0.0, 0.0, 0.0)","(0.0, 0.0, 0.0)",
PLAYER_LOCATION,9282,3/14/2024 10:07:24 AM,ac0d2d09-0fbb-4dd9-8461-51b420c20ae1,1.4,"(1.9, 1.8, 1.2)","(0.0, 0.0, 0.0)","(0.0, 0.0, 0.0)",
PLAYER_LOCATION,9782,3/14/2024 10:07:25 AM,ac0d2d09-0fbb-4dd9-8461-51b420c20ae1,1.4,"(1.9, 1.8, 1.2)","(0.0, 0.0, 0.0)","(0.0, 0.0, 0.0)",
PLAYER_LOCATION,9782,3/14/2024 10:07:25 AM,ac0d2d09-0fbb-4dd9-8461-51b420c20ae1,1.4,"(1.9, 1.8, 1.2)","(0.0, 0.0, 0.0)","(0.0, 0.0, 0.0)",
PLAYER_LOCATION,10283,3/14/2024 10:07:25 AM,ac0d2d09-0fbb-4dd9-8461-51b420c20ae1,1.4,"(1.9, 1.8, 1.2)","(0.0, 0.0, 0.0)","(0.0, 0.0, 0.0)",
PLAYER_LOCATION,10283,3/14/2024 10:07:25 AM,ac0d2d09-0fbb-4dd9-8461-51b420c20ae1,1.4,"(1.9, 1.8, 1.2)","(0.0, 0.0, 0.0)","(0.0, 0.0, 0.0)",
PLAYER_LOCATION,10783,3/14/2024 10:07:26 AM,ac0d2d09-0fbb-4dd9-8461-51b420c20ae1,1.4,"(1.9, 1.8, 1.2)","(0.0, 0.0, 0.0)","(0.0, 0.0, 0.0)",
PLAYER_LOCATION,10783,3/14/2024 10:07:26 AM,ac0d2d09-0fbb-4dd9-8461-51b420c20ae1,1.4,"(1.9, 1.8, 1.2)","(0.0, 0.0, 0.0)","(0.0, 0.0, 0.0)",
PLAYER_LOCATION,11285,3/14/2024 10:07:26 AM,ac0d2d09-0fbb-4dd9-8461-51b420c20ae1,1.4,"(1.9, 1.8, 1.2)","(0.0, 0.0, 0.0)","(0.0, 0.0, 0.0)",
PLAYER_LOCATION,11285,3/14/2024 10:07:26 AM,ac0d2d09-0fbb-4dd9-8461-51b420c20ae1,1.4,"(1.9, 1.8, 1.2)","(0.0, 0.0, 0.0)","(0.0, 0.0, 0.0)",
PLAYER_LOCATION,11786,3/14/2024 10:07:27 AM,ac0d2d09-0fbb-4dd9-8461-51b420c20ae1,1.4,"(1.9, 1.8, 1.2)","(0.0, 0.0, 0.0)","(0.0, 0.0, 0.0)",
PLAYER_LOCATION,11786,3/14/2024 10:07:27 AM,ac0d2d09-0fbb-4dd9-8461-51b420c20ae1,1.4,"(1.9, 1.8, 1.2)","(0.0, 0.0, 0.0)","(0.0, 0.0, 0.0)",
PLAYER_LOCATION,12286,3/14/2024 10:07:27 AM,ac0d2d09-0fbb-4dd9-8461-51b420c20ae1,1.4,"(1.9, 1.8, 1.2)","(0.0, 0.0, 0.0)","(0.0, 0.0, 0.0)",
PLAYER_LOCATION,12286,3/14/2024 10:07:27 AM,ac0d2d09-0fbb-4dd9-8461-51b420c20ae1,1.4,"(1.9, 1.8, 1.2)","(0.0, 0.0, 0.0)","(0.0, 0.0, 0.0)",
PLAYER_LOCATION,12788,3/14/2024 10:07:28 AM,ac0d2d09-0fbb-4dd9-8461-51b420c20ae1,1.4,"(1.9, 1.8, 1.2)","(0.0, 0.0, 0.0)","(0.0, 0.0, 0.0)",
PLAYER_LOCATION,12788,3/14/2024 10:07:28 AM,ac0d2d09-0fbb-4dd9-8461-51b420c20ae1,1.4,"(1.9, 1.8, 1.2)","(0.0, 0.0, 0.0)","(0.0, 0.0, 0.0)",
PLAYER_LOCATION,13291,3/14/2024 10:07:28 AM,ac0d2d09-0fbb-4dd9-8461-51b420c20ae1,1.4,"(1.9, 1.8, 1.2)","(0.0, 0.0, 0.0)","(0.0, 0.0, 0.0)",
PLAYER_LOCATION,13291,3/14/2024 10:07:28 AM,ac0d2d09-0fbb-4dd9-8461-51b420c20ae1,1.4,"(1.9, 1.8, 1.2)","(0.0, 0.0, 0.0)","(0.0, 0.0, 0.0)",
PLAYER_LOCATION,13790,3/14/2024 10:07:29 AM,ac0d2d09-0fbb-4dd9-8461-51b420c20ae1,1.4,"(1.9, 1.8, 1.2)","(0.0, 0.0, 0.0)","(0.0, 0.0, 0.0)",
PLAYER_LOCATION,13790,3/14/2024 10:07:29 AM,ac0d2d09-0fbb-4dd9-8461-51b420c20ae1,1.4,"(1.9, 1.8, 1.2)","(0.0, 0.0, 0.0)","(0.0, 0.0, 0.0)",
PLAYER_LOCATION,14292,3/14/2024 10:07:29 AM,ac0d2d09-0fbb-4dd9-8461-51b420c20ae1,1.4,"(1.9, 1.8, 1.2)","(0.0, 0.0, 0.0)","(0.0, 0.0, 0.0)",
PLAYER_LOCATION,14292,3/14/2024 10:07:29 AM,ac0d2d09-0fbb-4dd9-8461-51b420c20ae1,1.4,"(1.9, 1.8, 1.2)","(0.0, 0.0, 0.0)","(0.0, 0.0, 0.0)",
PLAYER_LOCATION,14793,3/14/2024 10:07:30 AM,ac0d2d09-0fbb-4dd9-8461-51b420c20ae1,1.4,"(1.9, 1.8, 1.2)","(0.0, 0.0, 0.0)","(0.0, 0.0, 0.0)",
PLAYER_LOCATION,14793,3/14/2024 10:07:30 AM,ac0d2d09-0fbb-4dd9-8461-51b420c20ae1,1.4,"(1.9, 1.8, 1.2)","(0.0, 0.0, 0.0)","(0.0, 0.0, 0.0)",
PLAYER_LOCATION,15299,3/14/2024 10:07:30 AM,ac0d2d09-0fbb-4dd9-8461-51b420c20ae1,1.4,"(1.9, 1.8, 1.2)","(0.0, 0.0, 0.0)","(0.0, 0.0, 0.0)",
PLAYER_LOCATION,15299,3/14/2024 10:07:30 AM,ac0d2d09-0fbb-4dd9-8461-51b420c20ae1,1.4,"(1.9, 1.8, 1.2)","(0.0, 0.0, 0.0)","(0.0, 0.0, 0.0)",
PLAYER_LOCATION,15800,3/14/2024 10:07:31 AM,ac0d2d09-0fbb-4dd9-8461-51b420c20ae1,1.4,"(1.9, 1.8, 1.2)","(0.0, 0.0, 0.0)","(0.0, 0.0, 0.0)",
PLAYER_LOCATION,15800,3/14/2024 10:07:31 AM,ac0d2d09-0fbb-4dd9-8461-51b420c20ae1,1.4,"(1.9, 1.8, 1.2)","(0.0, 0.0, 0.0)","(0.0, 0.0, 0.0)",
PLAYER_LOCATION,16301,3/14/2024 10:07:31 AM,ac0d2d09-0fbb-4dd9-8461-51b420c20ae1,1.4,"(1.9, 1.8, 1.2)","(0.0, 0.0, 0.0)","(0.0, 0.0, 0.0)",
PLAYER_LOCATION,16301,3/14/2024 10:07:31 AM,ac0d2d09-0fbb-4dd9-8461-51b420c20ae1,1.4,"(1.9, 1.8, 1.2)","(0.0, 0.0, 0.0)","(0.0, 0.0, 0.0)",
PLAYER_LOCATION,16803,3/14/2024 10:07:32 AM,ac0d2d09-0fbb-4dd9-8461-51b420c20ae1,1.4,"(1.9, 1.8, 1.2)","(0.0, 0.0, 0.0)","(0.0, 0.0, 0.0)",
PLAYER_LOCATION,16803,3/14/2024 10:07:32 AM,ac0d2d09-0fbb-4dd9-8461-51b420c20ae1,1.4,"(1.9, 1.8, 1.2)","(0.0, 0.0, 0.0)","(0.0, 0.0, 0.0)",
PLAYER_LOCATION,17303,3/14/2024 10:07:32 AM,ac0d2d09-0fbb-4dd9-8461-51b420c20ae1,1.4,"(1.9, 1.8, 1.2)","(0.0, 0.0, 0.0)","(0.0, 0.0, 0.0)",
PLAYER_LOCATION,17303,3/14/2024 10:07:32 AM,ac0d2d09-0fbb-4dd9-8461-51b420c20ae1,1.4,"(1.9, 1.8, 1.2)","(0.0, 0.0, 0.0)","(0.0, 0.0, 0.0)",
PLAYER_LOCATION,17804,3/14/2024 10:07:33 AM,ac0d2d09-0fbb-4dd9-8461-51b420c20ae1,1.4,"(1.9, 1.8, 1.2)","(0.0, 0.0, 0.0)","(0.0, 0.0, 0.0)",
PLAYER_LOCATION,17804,3/14/2024 10:07:33 AM,ac0d2d09-0fbb-4dd9-8461-51b420c20ae1,1.4,"(1.9, 1.8, 1.2)","(0.0, 0.0, 0.0)","(0.0, 0.0, 0.0)",
PLAYER_LOCATION,18305,3/14/2024 10:07:33 AM,ac0d2d09-0fbb-4dd9-8461-51b420c20ae1,1.4,"(1.9, 1.8, 1.2)","(0.0, 0.0, 0.0)","(0.0, 0.0, 0.0)",
PLAYER_LOCATION,18305,3/14/2024 10:07:33 AM,ac0d2d09-0fbb-4dd9-8461-51b420c20ae1,1.4,"(1.9, 1.8, 1.2)","(0.0, 0.0, 0.0)","(0.0, 0.0, 0.0)",
PLAYER_LOCATION,18805,3/14/2024 10:07:34 AM,ac0d2d09-0fbb-4dd9-8461-51b420c20ae1,1.4,"(1.9, 1.8, 1.2)","(0.0, 0.0, 0.0)","(0.0, 0.0, 0.0)",
PLAYER_LOCATION,18805,3/14/2024 10:07:34 AM,ac0d2d09-0fbb-4dd9-8461-51b420c20ae1,1.4,"(1.9, 1.8, 1.2)","(0.0, 0.0, 0.0)","(0.0, 0.0, 0.0)",
PLAYER_LOCATION,19306,3/14/2024 10:07:34 AM,ac0d2d09-0fbb-4dd9-8461-51b420c20ae1,1.4,"(1.9, 1.8, 1.2)","(0.0, 0.0, 0.0)","(0.0, 0.0, 0.0)",
PLAYER_LOCATION,19306,3/14/2024 10:07:34 AM,ac0d2d09-0fbb-4dd9-8461-51b420c20ae1,1.4,"(1.9, 1.8, 1.2)","(0.0, 0.0, 0.0)","(0.0, 0.0, 0.0)",
PLAYER_LOCATION,19806,3/14/2024 10:07:35 AM,ac0d2d09-0fbb-4dd9-8461-51b420c20ae1,1.4,"(1.9, 1.8, 1.2)","(0.0, 0.0, 0.0)","(0.0, 0.0, 0.0)",
PLAYER_LOCATION,19806,3/14/2024 10:07:35 AM,ac0d2d09-0fbb-4dd9-8461-51b420c20ae1,1.4,"(1.9, 1.8, 1.2)","(0.0, 0.0, 0.0)","(0.0, 0.0, 0.0)",
PLAYER_LOCATION,20308,3/14/2024 10:07:35 AM,ac0d2d09-0fbb-4dd9-8461-51b420c20ae1,1.4,"(1.9, 1.8, 1.2)","(0.0, 0.0, 0.0)","(0.0, 0.0, 0.0)",
PLAYER_LOCATION,20308,3/14/2024 10:07:35 AM,ac0d2d09-0fbb-4dd9-8461-51b420c20ae1,1.4,"(1.9, 1.8, 1.2)","(0.0, 0.0, 0.0)","(0.0, 0.0, 0.0)",
PLAYER_LOCATION,20808,3/14/2024 10:07:36 AM,ac0d2d09-0fbb-4dd9-8461-51b420c20ae1,1.4,"(1.9, 1.8, 1.2)","(0.0, 0.0, 0.0)","(0.0, 0.0, 0.0)",
PLAYER_LOCATION,20808,3/14/2024 10:07:36 AM,ac0d2d09-0fbb-4dd9-8461-51b420c20ae1,1.4,"(1.9, 1.8, 1.2)","(0.0, 0.0, 0.0)","(0.0, 0.0, 0.0)",
PLAYER_LOCATION,21309,3/14/2024 10:07:36 AM,ac0d2d09-0fbb-4dd9-8461-51b420c20ae1,1.4,"(1.9, 1.8, 1.2)","(0.0, 0.0, 0.0)","(0.0, 0.0, 0.0)",
PLAYER_LOCATION,21309,3/14/2024 10:07:36 AM,ac0d2d09-0fbb-4dd9-8461-51b420c20ae1,1.4,"(1.9, 1.8, 1.2)","(0.0, 0.0, 0.0)","(0.0, 0.0, 0.0)",
PLAYER_LOCATION,21810,3/14/2024 10:07:37 AM,ac0d2d09-0fbb-4dd9-8461-51b420c20ae1,1.4,"(1.9, 1.8, 1.2)","(0.0, 0.0, 0.0)","(0.0, 0.0, 0.0)",
PLAYER_LOCATION,21810,3/14/2024 10:07:37 AM,ac0d2d09-0fbb-4dd9-8461-51b420c20ae1,1.4,"(1.9, 1.8, 1.2)","(0.0, 0.0, 0.0)","(0.0, 0.0, 0.0)",
PLAYER_LOCATION,22310,3/14/2024 10:07:37 AM,ac0d2d09-0fbb-4dd9-8461-51b420c20ae1,1.4,"(1.9, 1.8, 1.2)","(0.0, 0.0, 0.0)","(0.0, 0.0, 0.0)",
PLAYER_LOCATION,22310,3/14/2024 10:07:37 AM,ac0d2d09-0fbb-4dd9-8461-51b420c20ae1,1.4,"(1.9, 1.8, 1.2)","(0.0, 0.0, 0.0)","(0.0, 0.0, 0.0)",
PLAYER_LOCATION,22816,3/14/2024 10:07:38 AM,ac0d2d09-0fbb-4dd9-8461-51b420c20ae1,1.4,"(1.9, 1.8, 1.2)","(0.0, 0.0, 0.0)","(0.0, 0.0, 0.0)",
PLAYER_LOCATION,22816,3/14/2024 10:07:38 AM,ac0d2d09-0fbb-4dd9-8461-51b420c20ae1,1.4,"(1.9, 1.8, 1.2)","(0.0, 0.0, 0.0)","(0.0, 0.0, 0.0)",
PLAYER_LOCATION,23318,3/14/2024 10:07:38 AM,ac0d2d09-0fbb-4dd9-8461-51b420c20ae1,1.4,"(1.9, 1.8, 1.2)","(0.0, 0.0, 0.0)","(0.0, 0.0, 0.0)",
PLAYER_LOCATION,23318,3/14/2024 10:07:38 AM,ac0d2d09-0fbb-4dd9-8461-51b420c20ae1,1.4,"(1.9, 1.8, 1.2)","(0.0, 0.0, 0.0)","(0.0, 0.0, 0.0)",
PLAYER_LOCATION,23819,3/14/2024 10:07:39 AM,ac0d2d09-0fbb-4dd9-8461-51b420c20ae1,1.4,"(1.9, 1.8, 1.2)","(0.0, 0.0, 0.0)","(0.0, 0.0, 0.0)",
PLAYER_LOCATION,23819,3/14/2024 10:07:39 AM,ac0d2d09-0fbb-4dd9-8461-51b420c20ae1,1.4,"(1.9, 1.8, 1.2)","(0.0, 0.0, 0.0)","(0.0, 0.0, 0.0)",
PLAYER_LOCATION,24321,3/14/2024 10:07:39 AM,ac0d2d09-0fbb-4dd9-8461-51b420c20ae1,1.4,"(1.9, 1.8, 1.2)","(0.0, 0.0, 0.0)","(0.0, 0.0, 0.0)",
PLAYER_LOCATION,24321,3/14/2024 10:07:39 AM,ac0d2d09-0fbb-4dd9-8461-51b420c20ae1,1.4,"(1.9, 1.8, 1.2)","(0.0, 0.0, 0.0)","(0.0, 0.0, 0.0)",
PLAYER_LOCATION,24823,3/14/2024 10:07:40 AM,ac0d2d09-0fbb-4dd9-8461-51b420c20ae1,1.4,"(1.9, 1.8, 1.2)","(0.0, 0.0, 0.0)","(0.0, 0.0, 0.0)",
PLAYER_LOCATION,24823,3/14/2024 10:07:40 AM,ac0d2d09-0fbb-4dd9-8461-51b420c20ae1,1.4,"(1.9, 1.8, 1.2)","(0.0, 0.0, 0.0)","(0.0, 0.0, 0.0)",
PLAYER_LOCATION,25323,3/14/2024 10:07:40 AM,ac0d2d09-0fbb-4dd9-8461-51b420c20ae1,1.4,"(1.9, 1.8, 1.2)","(0.0, 0.0, 0.0)","(0.0, 0.0, 0.0)",
PLAYER_LOCATION,25323,3/14/2024 10:07:40 AM,ac0d2d09-0fbb-4dd9-8461-51b420c20ae1,1.4,"(1.9, 1.8, 1.2)","(0.0, 0.0, 0.0)","(0.0, 0.0, 0.0)",
PLAYER_LOCATION,25823,3/14/2024 10:07:41 AM,ac0d2d09-0fbb-4dd9-8461-51b420c20ae1,1.4,"(1.9, 1.8, 1.2)","(0.0, 0.0, 0.0)","(0.0, 0.0, 0.0)",
PLAYER_LOCATION,25823,3/14/2024 10:07:41 AM,ac0d2d09-0fbb-4dd9-8461-51b420c20ae1,1.4,"(1.9, 1.8, 1.2)","(0.0, 0.0, 0.0)","(0.0, 0.0, 0.0)",
PLAYER_LOCATION,26324,3/14/2024 10:07:41 AM,ac0d2d09-0fbb-4dd9-8461-51b420c20ae1,1.4,"(1.9, 1.8, 1.2)","(0.0, 0.0, 0.0)","(0.0, 0.0, 0.0)",
PLAYER_LOCATION,26324,3/14/2024 10:07:41 AM,ac0d2d09-0fbb-4dd9-8461-51b420c20ae1,1.4,"(1.9, 1.8, 1.2)","(0.0, 0.0, 0.0)","(0.0, 0.0, 0.0)",
PLAYER_LOCATION,26824,3/14/2024 10:07:42 AM,ac0d2d09-0fbb-4dd9-8461-51b420c20ae1,1.4,"(1.9, 1.8, 1.2)","(0.0, 0.0, 0.0)","(0.0, 0.0, 0.0)",
PLAYER_LOCATION,26824,3/14/2024 10:07:42 AM,ac0d2d09-0fbb-4dd9-8461-51b420c20ae1,1.4,"(1.9, 1.8, 1.2)","(0.0, 0.0, 0.0)","(0.0, 0.0, 0.0)",
PLAYER_LOCATION,27325,3/14/2024 10:07:42 AM,ac0d2d09-0fbb-4dd9-8461-51b420c20ae1,1.4,"(1.9, 1.8, 1.2)","(0.0, 0.0, 0.0)","(0.0, 0.0, 0.0)",
PLAYER_LOCATION,27325,3/14/2024 10:07:42 AM,ac0d2d09-0fbb-4dd9-8461-51b420c20ae1,1.4,"(1.9, 1.8, 1.2)","(0.0, 0.0, 0.0)","(0.0, 0.0, 0.0)",
PLAYER_LOCATION,27826,3/14/2024 10:07:43 AM,ac0d2d09-0fbb-4dd9-8461-51b420c20ae1,1.4,"(1.9, 1.8, 1.2)","(0.0, 0.0, 0.0)","(0.0, 0.0, 0.0)",
PLAYER_LOCATION,27826,3/14/2024 10:07:43 AM,ac0d2d09-0fbb-4dd9-8461-51b420c20ae1,1.4,"(1.9, 1.8, 1.2)","(0.0, 0.0, 0.0)","(0.0, 0.0, 0.0)",
PLAYER_LOCATION,28326,3/14/2024 10:07:43 AM,ac0d2d09-0fbb-4dd9-8461-51b420c20ae1,1.4,"(1.9, 1.8, 1.2)","(0.0, 0.0, 0.0)","(0.0, 0.0, 0.0)",
PLAYER_LOCATION,28326,3/14/2024 10:07:43 AM,ac0d2d09-0fbb-4dd9-8461-51b420c20ae1,1.4,"(1.9, 1.8, 1.2)","(0.0, 0.0, 0.0)","(0.0, 0.0, 0.0)",
PLAYER_LOCATION,28832,3/14/2024 10:07:44 AM,ac0d2d09-0fbb-4dd9-8461-51b420c20ae1,1.4,"(1.9, 1.8, 1.2)","(0.0, 0.0, 0.0)","(0.0, 0.0, 0.0)",
PLAYER_LOCATION,28832,3/14/2024 10:07:44 AM,ac0d2d09-0fbb-4dd9-8461-51b420c20ae1,1.4,"(1.9, 1.8, 1.2)","(0.0, 0.0, 0.0)","(0.0, 0.0, 0.0)",
PLAYER_LOCATION,29332,3/14/2024 10:07:44 AM,ac0d2d09-0fbb-4dd9-8461-51b420c20ae1,1.4,"(1.9, 1.8, 1.2)","(0.0, 0.0, 0.0)","(0.0, 0.0, 0.0)",
PLAYER_LOCATION,29332,3/14/2024 10:07:44 AM,ac0d2d09-0fbb-4dd9-8461-51b420c20ae1,1.4,"(1.9, 1.8, 1.2)","(0.0, 0.0, 0.0)","(0.0, 0.0, 0.0)",
PLAYER_LOCATION,29833,3/14/2024 10:07:45 AM,ac0d2d09-0fbb-4dd9-8461-51b420c20ae1,1.4,"(1.9, 1.8, 1.2)","(0.0, 0.0, 0.0)","(0.0, 0.0, 0.0)",
PLAYER_LOCATION,29833,3/14/2024 10:07:45 AM,ac0d2d09-0fbb-4dd9-8461-51b420c20ae1,1.4,"(1.9, 1.8, 1.2)","(0.0, 0.0, 0.0)","(0.0, 0.0, 0.0)",
PLAYER_LOCATION,30337,3/14/2024 10:07:45 AM,ac0d2d09-0fbb-4dd9-8461-51b420c20ae1,1.4,"(1.9, 1.8, 1.2)","(0.0, 0.0, 0.0)","(0.0, 0.0, 0.0)",
PLAYER_LOCATION,30337,3/14/2024 10:07:45 AM,ac0d2d09-0fbb-4dd9-8461-51b420c20ae1,1.4,"(1.9, 1.8, 1.2)","(0.0, 0.0, 0.0)","(0.0, 0.0, 0.0)",
PLAYER_LOCATION,30837,3/14/2024 10:07:46 AM,ac0d2d09-0fbb-4dd9-8461-51b420c20ae1,1.4,"(1.9, 1.8, 1.2)","(0.0, 0.0, 0.0)","(0.0, 0.0, 0.0)",
PLAYER_LOCATION,30837,3/14/2024 10:07:46 AM,ac0d2d09-0fbb-4dd9-8461-51b420c20ae1,1.4,"(1.9, 1.8, 1.2)","(0.0, 0.0, 0.0)","(0.0, 0.0, 0.0)",
PLAYER_LOCATION,31337,3/14/2024 10:07:46 AM,ac0d2d09-0fbb-4dd9-8461-51b420c20ae1,1.4,"(1.9, 1.8, 1.2)","(0.0, 0.0, 0.0)","(0.0, 0.0, 0.0)",
PLAYER_LOCATION,31337,3/14/2024 10:07:46 AM,ac0d2d09-0fbb-4dd9-8461-51b420c20ae1,1.4,"(1.9, 1.8, 1.2)","(0.0, 0.0, 0.0)","(0.0, 0.0, 0.0)",
PLAYER_LOCATION,31839,3/14/2024 10:07:47 AM,ac0d2d09-0fbb-4dd9-8461-51b420c20ae1,1.4,"(1.9, 1.8, 1.2)","(0.0, 0.0, 0.0)","(0.0, 0.0, 0.0)",
PLAYER_LOCATION,31839,3/14/2024 10:07:47 AM,ac0d2d09-0fbb-4dd9-8461-51b420c20ae1,1.4,"(1.9, 1.8, 1.2)","(0.0, 0.0, 0.0)","(0.0, 0.0, 0.0)",
PLAYER_LOCATION,32340,3/14/2024 10:07:47 AM,ac0d2d09-0fbb-4dd9-8461-51b420c20ae1,1.4,"(1.9, 1.8, 1.2)","(0.0, 0.0, 0.0)","(0.0, 0.0, 0.0)",
PLAYER_LOCATION,32340,3/14/2024 10:07:47 AM,ac0d2d09-0fbb-4dd9-8461-51b420c20ae1,1.4,"(1.9, 1.8, 1.2)","(0.0, 0.0, 0.0)","(0.0, 0.0, 0.0)",
PLAYER_LOCATION,32840,3/14/2024 10:07:48 AM,ac0d2d09-0fbb-4dd9-8461-51b420c20ae1,1.4,"(1.9, 1.8, 1.2)","(0.0, 0.0, 0.0)","(0.0, 0.0, 0.0)",
PLAYER_LOCATION,32840,3/14/2024 10:07:48 AM,ac0d2d09-0fbb-4dd9-8461-51b420c20ae1,1.4,"(1.9, 1.8, 1.2)","(0.0, 0.0, 0.0)","(0.0, 0.0, 0.0)",
PLAYER_LOCATION,33341,3/14/2024 10:07:48 AM,ac0d2d09-0fbb-4dd9-8461-51b420c20ae1,1.4,"(1.9, 1.8, 1.2)","(0.0, 0.0, 0.0)","(0.0, 0.0, 0.0)",
PLAYER_LOCATION,33341,3/14/2024 10:07:48 AM,ac0d2d09-0fbb-4dd9-8461-51b420c20ae1,1.4,"(1.9, 1.8, 1.2)","(0.0, 0.0, 0.0)","(0.0, 0.0, 0.0)",
PLAYER_LOCATION,33843,3/14/2024 10:07:49 AM,ac0d2d09-0fbb-4dd9-8461-51b420c20ae1,1.4,"(1.9, 1.8, 1.2)","(0.0, 0.0, 0.0)","(0.0, 0.0, 0.0)",
PLAYER_LOCATION,33843,3/14/2024 10:07:49 AM,ac0d2d09-0fbb-4dd9-8461-51b420c20ae1,1.4,"(1.9, 1.8, 1.2)","(0.0, 0.0, 0.0)","(0.0, 0.0, 0.0)",
PLAYER_LOCATION,34343,3/14/2024 10:07:49 AM,ac0d2d09-0fbb-4dd9-8461-51b420c20ae1,1.4,"(1.9, 1.8, 1.2)","(0.0, 0.0, 0.0)","(0.0, 0.0, 0.0)",
PLAYER_LOCATION,34343,3/14/2024 10:07:49 AM,ac0d2d09-0fbb-4dd9-8461-51b420c20ae1,1.4,"(1.9, 1.8, 1.2)","(0.0, 0.0, 0.0)","(0.0, 0.0, 0.0)",
PLAYER_LOCATION,34849,3/14/2024 10:07:50 AM,ac0d2d09-0fbb-4dd9-8461-51b420c20ae1,1.4,"(1.9, 1.8, 1.2)","(0.0, 0.0, 0.0)","(0.0, 0.0, 0.0)",
PLAYER_LOCATION,34849,3/14/2024 10:07:50 AM,ac0d2d09-0fbb-4dd9-8461-51b420c20ae1,1.4,"(1.9, 1.8, 1.2)","(0.0, 0.0, 0.0)","(0.0, 0.0, 0.0)",
PLAYER_LOCATION,35349,3/14/2024 10:07:50 AM,ac0d2d09-0fbb-4dd9-8461-51b420c20ae1,1.4,"(1.9, 1.8, 1.2)","(0.0, 0.0, 0.0)","(0.0, 0.0, 0.0)",
PLAYER_LOCATION,35349,3/14/2024 10:07:50 AM,ac0d2d09-0fbb-4dd9-8461-51b420c20ae1,1.4,"(1.9, 1.8, 1.2)","(0.0, 0.0, 0.0)","(0.0, 0.0, 0.0)",
PLAYER_LOCATION,35850,3/14/2024 10:07:51 AM,ac0d2d09-0fbb-4dd9-8461-51b420c20ae1,1.4,"(1.9, 1.8, 1.2)","(0.0, 0.0, 0.0)","(0.0, 0.0, 0.0)",
PLAYER_LOCATION,35850,3/14/2024 10:07:51 AM,ac0d2d09-0fbb-4dd9-8461-51b420c20ae1,1.4,"(1.9, 1.8, 1.2)","(0.0, 0.0, 0.0)","(0.0, 0.0, 0.0)",
PLAYER_LOCATION,36350,3/14/2024 10:07:51 AM,ac0d2d09-0fbb-4dd9-8461-51b420c20ae1,1.4,"(1.9, 1.8, 1.2)","(0.0, 0.0, 0.0)","(0.0, 0.0, 0.0)",
PLAYER_LOCATION,36350,3/14/2024 10:07:51 AM,ac0d2d09-0fbb-4dd9-8461-51b420c20ae1,1.4,"(1.9, 1.8, 1.2)","(0.0, 0.0, 0.0)","(0.0, 0.0, 0.0)",
PLAYER_LOCATION,36850,3/14/2024 10:07:52 AM,ac0d2d09-0fbb-4dd9-8461-51b420c20ae1,1.4,"(1.9, 1.8, 1.2)","(0.0, 0.0, 0.0)","(0.0, 0.0, 0.0)",
PLAYER_LOCATION,36850,3/14/2024 10:07:52 AM,ac0d2d09-0fbb-4dd9-8461-51b420c20ae1,1.4,"(1.9, 1.8, 1.2)","(0.0, 0.0, 0.0)","(0.0, 0.0, 0.0)",
PLAYER_LOCATION,37354,3/14/2024 10:07:52 AM,ac0d2d09-0fbb-4dd9-8461-51b420c20ae1,1.4,"(1.9, 1.8, 1.2)","(0.0, 0.0, 0.0)","(0.0, 0.0, 0.0)",
PLAYER_LOCATION,37354,3/14/2024 10:07:52 AM,ac0d2d09-0fbb-4dd9-8461-51b420c20ae1,1.4,"(1.9, 1.8, 1.2)","(0.0, 0.0, 0.0)","(0.0, 0.0, 0.0)",
PLAYER_LOCATION,37855,3/14/2024 10:07:53 AM,ac0d2d09-0fbb-4dd9-8461-51b420c20ae1,1.4,"(1.9, 1.8, 1.2)","(0.0, 0.0, 0.0)","(0.0, 0.0, 0.0)",
PLAYER_LOCATION,37855,3/14/2024 10:07:53 AM,ac0d2d09-0fbb-4dd9-8461-51b420c20ae1,1.4,"(1.9, 1.8, 1.2)","(0.0, 0.0, 0.0)","(0.0, 0.0, 0.0)",
PLAYER_LOCATION,38354,3/14/2024 10:07:53 AM,ac0d2d09-0fbb-4dd9-8461-51b420c20ae1,1.4,"(1.9, 1.8, 1.2)","(0.0, 0.0, 0.0)","(0.0, 0.0, 0.0)",
PLAYER_LOCATION,38354,3/14/2024 10:07:53 AM,ac0d2d09-0fbb-4dd9-8461-51b420c20ae1,1.4,"(1.9, 1.8, 1.2)","(0.0, 0.0, 0.0)","(0.0, 0.0, 0.0)",
PLAYER_LOCATION,38856,3/14/2024 10:07:54 AM,ac0d2d09-0fbb-4dd9-8461-51b420c20ae1,1.4,"(1.9, 1.8, 1.2)","(0.0, 0.0, 0.0)","(0.0, 0.0, 0.0)",
PLAYER_LOCATION,38856,3/14/2024 10:07:54 AM,ac0d2d09-0fbb-4dd9-8461-51b420c20ae1,1.4,"(1.9, 1.8, 1.2)","(0.0, 0.0, 0.0)","(0.0, 0.0, 0.0)",
PLAYER_LOCATION,39357,3/14/2024 10:07:54 AM,ac0d2d09-0fbb-4dd9-8461-51b420c20ae1,1.4,"(1.9, 1.8, 1.2)","(0.0, 0.0, 0.0)","(0.0, 0.0, 0.0)",
PLAYER_LOCATION,39357,3/14/2024 10:07:54 AM,ac0d2d09-0fbb-4dd9-8461-51b420c20ae1,1.4,"(1.9, 1.8, 1.2)","(0.0, 0.0, 0.0)","(0.0, 0.0, 0.0)",
PLAYER_LOCATION,39860,3/14/2024 10:07:55 AM,ac0d2d09-0fbb-4dd9-8461-51b420c20ae1,1.4,"(1.9, 1.8, 1.2)","(0.0, 0.0, 0.0)","(0.0, 0.0, 0.0)",
PLAYER_LOCATION,39860,3/14/2024 10:07:55 AM,ac0d2d09-0fbb-4dd9-8461-51b420c20ae1,1.4,"(1.9, 1.8, 1.2)","(0.0, 0.0, 0.0)","(0.0, 0.0, 0.0)",
PLAYER_LOCATION,40367,3/14/2024 10:07:55 AM,ac0d2d09-0fbb-4dd9-8461-51b420c20ae1,1.4,"(1.9, 1.8, 1.2)","(0.0, 0.0, 0.0)","(0.0, 0.0, 0.0)",
PLAYER_LOCATION,40367,3/14/2024 10:07:55 AM,ac0d2d09-0fbb-4dd9-8461-51b420c20ae1,1.4,"(1.9, 1.8, 1.2)","(0.0, 0.0, 0.0)","(0.0, 0.0, 0.0)",
PLAYER_LOCATION,40867,3/14/2024 10:07:56 AM,ac0d2d09-0fbb-4dd9-8461-51b420c20ae1,1.4,"(1.9, 1.8, 1.2)","(0.0, 0.0, 0.0)","(0.0, 0.0, 0.0)",
PLAYER_LOCATION,40867,3/14/2024 10:07:56 AM,ac0d2d09-0fbb-4dd9-8461-51b420c20ae1,1.4,"(1.9, 1.8, 1.2)","(0.0, 0.0, 0.0)","(0.0, 0.0, 0.0)",
PLAYER_LOCATION,41367,3/14/2024 10:07:56 AM,ac0d2d09-0fbb-4dd9-8461-51b420c20ae1,1.4,"(1.9, 1.8, 1.2)","(0.0, 0.0, 0.0)","(0.0, 0.0, 0.0)",
PLAYER_LOCATION,41367,3/14/2024 10:07:56 AM,ac0d2d09-0fbb-4dd9-8461-51b420c20ae1,1.4,"(1.9, 1.8, 1.2)","(0.0, 0.0, 0.0)","(0.0, 0.0, 0.0)",
PLAYER_LOCATION,41869,3/14/2024 10:07:57 AM,ac0d2d09-0fbb-4dd9-8461-51b420c20ae1,1.4,"(1.9, 1.8, 1.2)","(0.0, 0.0, 0.0)","(0.0, 0.0, 0.0)",
PLAYER_LOCATION,41869,3/14/2024 10:07:57 AM,ac0d2d09-0fbb-4dd9-8461-51b420c20ae1,1.4,"(1.9, 1.8, 1.2)","(0.0, 0.0, 0.0)","(0.0, 0.0, 0.0)",
PLAYER_LOCATION,42371,3/14/2024 10:07:57 AM,ac0d2d09-0fbb-4dd9-8461-51b420c20ae1,1.4,"(1.9, 1.8, 1.2)","(0.0, 0.0, 0.0)","(0.0, 0.0, 0.0)",
PLAYER_LOCATION,42371,3/14/2024 10:07:57 AM,ac0d2d09-0fbb-4dd9-8461-51b420c20ae1,1.4,"(1.9, 1.8, 1.2)","(0.0, 0.0, 0.0)","(0.0, 0.0, 0.0)",
PLAYER_LOCATION,42871,3/14/2024 10:07:58 AM,ac0d2d09-0fbb-4dd9-8461-51b420c20ae1,1.4,"(1.9, 1.8, 1.2)","(0.0, 0.0, 0.0)","(0.0, 0.0, 0.0)",
PLAYER_LOCATION,42871,3/14/2024 10:07:58 AM,ac0d2d09-0fbb-4dd9-8461-51b420c20ae1,1.4,"(1.9, 1.8, 1.2)","(0.0, 0.0, 0.0)","(0.0, 0.0, 0.0)",
PLAYER_LOCATION,43371,3/14/2024 10:07:58 AM,ac0d2d09-0fbb-4dd9-8461-51b420c20ae1,1.4,"(1.9, 1.8, 1.2)","(0.0, 0.0, 0.0)","(0.0, 0.0, 0.0)",
PLAYER_LOCATION,43371,3/14/2024 10:07:58 AM,ac0d2d09-0fbb-4dd9-8461-51b420c20ae1,1.4,"(1.9, 1.8, 1.2)","(0.0, 0.0, 0.0)","(0.0, 0.0, 0.0)",
PLAYER_LOCATION,43873,3/14/2024 10:07:59 AM,ac0d2d09-0fbb-4dd9-8461-51b420c20ae1,1.4,"(1.9, 1.8, 1.2)","(0.0, 0.0, 0.0)","(0.0, 0.0, 0.0)",
PLAYER_LOCATION,43873,3/14/2024 10:07:59 AM,ac0d2d09-0fbb-4dd9-8461-51b420c20ae1,1.4,"(1.9, 1.8, 1.2)","(0.0, 0.0, 0.0)","(0.0, 0.0, 0.0)",
PLAYER_LOCATION,44377,3/14/2024 10:07:59 AM,ac0d2d09-0fbb-4dd9-8461-51b420c20ae1,1.4,"(1.9, 1.8, 1.2)","(0.0, 0.0, 0.0)","(0.0, 0.0, 0.0)",
PLAYER_LOCATION,44377,3/14/2024 10:07:59 AM,ac0d2d09-0fbb-4dd9-8461-51b420c20ae1,1.4,"(1.9, 1.8, 1.2)","(0.0, 0.0, 0.0)","(0.0, 0.0, 0.0)",
PLAYER_LOCATION,44877,3/14/2024 10:08:00 AM,ac0d2d09-0fbb-4dd9-8461-51b420c20ae1,1.4,"(1.9, 1.8, 1.2)","(0.0, 0.0, 0.0)","(0.0, 0.0, 0.0)",
PLAYER_LOCATION,44877,3/14/2024 10:08:00 AM,ac0d2d09-0fbb-4dd9-8461-51b420c20ae1,1.4,"(1.9, 1.8, 1.2)","(0.0, 0.0, 0.0)","(0.0, 0.0, 0.0)",
PLAYER_LOCATION,45379,3/14/2024 10:08:00 AM,ac0d2d09-0fbb-4dd9-8461-51b420c20ae1,1.4,"(1.9, 1.8, 1.2)","(0.0, 0.0, 0.0)","(0.0, 0.0, 0.0)",
PLAYER_LOCATION,45379,3/14/2024 10:08:00 AM,ac0d2d09-0fbb-4dd9-8461-51b420c20ae1,1.4,"(1.9, 1.8, 1.2)","(0.0, 0.0, 0.0)","(0.0, 0.0, 0.0)",
PLAYER_LOCATION,45881,3/14/2024 10:08:01 AM,ac0d2d09-0fbb-4dd9-8461-51b420c20ae1,1.4,"(1.9, 1.8, 1.2)","(0.0, 0.0, 0.0)","(0.0, 0.0, 0.0)",
PLAYER_LOCATION,45881,3/14/2024 10:08:01 AM,ac0d2d09-0fbb-4dd9-8461-51b420c20ae1,1.4,"(1.9, 1.8, 1.2)","(0.0, 0.0, 0.0)","(0.0, 0.0, 0.0)",
PLAYER_LOCATION,46382,3/14/2024 10:08:01 AM,ac0d2d09-0fbb-4dd9-8461-51b420c20ae1,1.4,"(1.9, 1.8, 1.2)","(0.0, 0.0, 0.0)","(0.0, 0.0, 0.0)",
PLAYER_LOCATION,46382,3/14/2024 10:08:01 AM,ac0d2d09-0fbb-4dd9-8461-51b420c20ae1,1.4,"(1.9, 1.8, 1.2)","(0.0, 0.0, 0.0)","(0.0, 0.0, 0.0)",
PLAYER_LOCATION,46883,3/14/2024 10:08:02 AM,ac0d2d09-0fbb-4dd9-8461-51b420c20ae1,1.4,"(1.9, 1.8, 1.2)","(0.0, 0.0, 0.0)","(0.0, 0.0, 0.0)",
PLAYER_LOCATION,46883,3/14/2024 10:08:02 AM,ac0d2d09-0fbb-4dd9-8461-51b420c20ae1,1.4,"(1.9, 1.8, 1.2)","(0.0, 0.0, 0.0)","(0.0, 0.0, 0.0)",
PLAYER_LOCATION,47383,3/14/2024 10:08:02 AM,ac0d2d09-0fbb-4dd9-8461-51b420c20ae1,1.4,"(1.9, 1.8, 1.2)","(0.0, 0.0, 0.0)","(0.0, 0.0, 0.0)",
PLAYER_LOCATION,47383,3/14/2024 10:08:02 AM,ac0d2d09-0fbb-4dd9-8461-51b420c20ae1,1.4,"(1.9, 1.8, 1.2)","(0.0, 0.0, 0.0)","(0.0, 0.0, 0.0)",
PLAYER_LOCATION,47885,3/14/2024 10:08:03 AM,ac0d2d09-0fbb-4dd9-8461-51b420c20ae1,1.4,"(1.9, 1.8, 1.2)","(0.0, 0.0, 0.0)","(0.0, 0.0, 0.0)",
PLAYER_LOCATION,47885,3/14/2024 10:08:03 AM,ac0d2d09-0fbb-4dd9-8461-51b420c20ae1,1.4,"(1.9, 1.8, 1.2)","(0.0, 0.0, 0.0)","(0.0, 0.0, 0.0)",
PLAYER_LOCATION,48384,3/14/2024 10:08:03 AM,ac0d2d09-0fbb-4dd9-8461-51b420c20ae1,1.4,"(1.9, 1.8, 1.2)","(0.0, 0.0, 0.0)","(0.0, 0.0, 0.0)",
PLAYER_LOCATION,48384,3/14/2024 10:08:03 AM,ac0d2d09-0fbb-4dd9-8461-51b420c20ae1,1.4,"(1.9, 1.8, 1.2)","(0.0, 0.0, 0.0)","(0.0, 0.0, 0.0)",
PLAYER_LOCATION,48885,3/14/2024 10:08:04 AM,ac0d2d09-0fbb-4dd9-8461-51b420c20ae1,1.4,"(1.9, 1.8, 1.2)","(0.0, 0.0, 0.0)","(0.0, 0.0, 0.0)",
PLAYER_LOCATION,48885,3/14/2024 10:08:04 AM,ac0d2d09-0fbb-4dd9-8461-51b420c20ae1,1.4,"(1.9, 1.8, 1.2)","(0.0, 0.0, 0.0)","(0.0, 0.0, 0.0)",
PLAYER_LOCATION,49385,3/14/2024 10:08:04 AM,ac0d2d09-0fbb-4dd9-8461-51b420c20ae1,1.4,"(1.9, 1.8, 1.2)","(0.0, 0.0, 0.0)","(0.0, 0.0, 0.0)",
PLAYER_LOCATION,49385,3/14/2024 10:08:04 AM,ac0d2d09-0fbb-4dd9-8461-51b420c20ae1,1.4,"(1.9, 1.8, 1.2)","(0.0, 0.0, 0.0)","(0.0, 0.0, 0.0)",
PLAYER_LOCATION,49888,3/14/2024 10:08:05 AM,ac0d2d09-0fbb-4dd9-8461-51b420c20ae1,1.4,"(1.9, 1.8, 1.2)","(0.0, 0.0, 0.0)","(0.0, 0.0, 0.0)",
PLAYER_LOCATION,49888,3/14/2024 10:08:05 AM,ac0d2d09-0fbb-4dd9-8461-51b420c20ae1,1.4,"(1.9, 1.8, 1.2)","(0.0, 0.0, 0.0)","(0.0, 0.0, 0.0)",
PLAYER_LOCATION,50388,3/14/2024 10:08:05 AM,ac0d2d09-0fbb-4dd9-8461-51b420c20ae1,1.4,"(1.9, 1.8, 1.2)","(0.0, 0.0, 0.0)","(0.0, 0.0, 0.0)",
PLAYER_LOCATION,50388,3/14/2024 10:08:05 AM,ac0d2d09-0fbb-4dd9-8461-51b420c20ae1,1.4,"(1.9, 1.8, 1.2)","(0.0, 0.0, 0.0)","(0.0, 0.0, 0.0)",
PLAYER_LOCATION,50890,3/14/2024 10:08:06 AM,ac0d2d09-0fbb-4dd9-8461-51b420c20ae1,1.4,"(1.9, 1.8, 1.2)","(0.0, 0.0, 0.0)","(0.0, 0.0, 0.0)",
PLAYER_LOCATION,50890,3/14/2024 10:08:06 AM,ac0d2d09-0fbb-4dd9-8461-51b420c20ae1,1.4,"(1.9, 1.8, 1.2)","(0.0, 0.0, 0.0)","(0.0, 0.0, 0.0)",
PLAYER_LOCATION,51390,3/14/2024 10:08:06 AM,ac0d2d09-0fbb-4dd9-8461-51b420c20ae1,1.4,"(1.9, 1.8, 1.2)","(0.0, 0.0, 0.0)","(0.0, 0.0, 0.0)",
PLAYER_LOCATION,51390,3/14/2024 10:08:06 AM,ac0d2d09-0fbb-4dd9-8461-51b420c20ae1,1.4,"(1.9, 1.8, 1.2)","(0.0, 0.0, 0.0)","(0.0, 0.0, 0.0)",
PLAYER_LOCATION,51891,3/14/2024 10:08:07 AM,ac0d2d09-0fbb-4dd9-8461-51b420c20ae1,1.4,"(1.9, 1.8, 1.2)","(0.0, 0.0, 0.0)","(0.0, 0.0, 0.0)",
PLAYER_LOCATION,51891,3/14/2024 10:08:07 AM,ac0d2d09-0fbb-4dd9-8461-51b420c20ae1,1.4,"(1.9, 1.8, 1.2)","(0.0, 0.0, 0.0)","(0.0, 0.0, 0.0)",
PLAYER_LOCATION,52391,3/14/2024 10:08:07 AM,ac0d2d09-0fbb-4dd9-8461-51b420c20ae1,1.4,"(1.9, 1.8, 1.2)","(0.0, 0.0, 0.0)","(0.0, 0.0, 0.0)",
PLAYER_LOCATION,52391,3/14/2024 10:08:07 AM,ac0d2d09-0fbb-4dd9-8461-51b420c20ae1,1.4,"(1.9, 1.8, 1.2)","(0.0, 0.0, 0.0)","(0.0, 0.0, 0.0)",
PLAYER_LOCATION,52892,3/14/2024 10:08:08 AM,ac0d2d09-0fbb-4dd9-8461-51b420c20ae1,1.4,"(1.9, 1.8, 1.2)","(0.0, 0.0, 0.0)","(0.0, 0.0, 0.0)",
PLAYER_LOCATION,52892,3/14/2024 10:08:08 AM,ac0d2d09-0fbb-4dd9-8461-51b420c20ae1,1.4,"(1.9, 1.8, 1.2)","(0.0, 0.0, 0.0)","(0.0, 0.0, 0.0)",
PLAYER_LOCATION,53392,3/14/2024 10:08:08 AM,ac0d2d09-0fbb-4dd9-8461-51b420c20ae1,1.4,"(1.9, 1.8, 1.2)","(0.0, 0.0, 0.0)","(0.0, 0.0, 0.0)",
PLAYER_LOCATION,53392,3/14/2024 10:08:08 AM,ac0d2d09-0fbb-4dd9-8461-51b420c20ae1,1.4,"(1.9, 1.8, 1.2)","(0.0, 0.0, 0.0)","(0.0, 0.0, 0.0)",
PLAYER_LOCATION,53892,3/14/2024 10:08:09 AM,ac0d2d09-0fbb-4dd9-8461-51b420c20ae1,1.4,"(1.9, 1.8, 1.2)","(0.0, 0.0, 0.0)","(0.0, 0.0, 0.0)",
PLAYER_LOCATION,53892,3/14/2024 10:08:09 AM,ac0d2d09-0fbb-4dd9-8461-51b420c20ae1,1.4,"(1.9, 1.8, 1.2)","(0.0, 0.0, 0.0)","(0.0, 0.0, 0.0)",
PLAYER_LOCATION,54392,3/14/2024 10:08:09 AM,ac0d2d09-0fbb-4dd9-8461-51b420c20ae1,1.4,"(1.9, 1.8, 1.2)","(0.0, 0.0, 0.0)","(0.0, 0.0, 0.0)",
PLAYER_LOCATION,54392,3/14/2024 10:08:09 AM,ac0d2d09-0fbb-4dd9-8461-51b420c20ae1,1.4,"(1.9, 1.8, 1.2)","(0.0, 0.0, 0.0)","(0.0, 0.0, 0.0)",
PLAYER_LOCATION,54893,3/14/2024 10:08:10 AM,ac0d2d09-0fbb-4dd9-8461-51b420c20ae1,1.4,"(1.9, 1.8, 1.2)","(0.0, 0.0, 0.0)","(0.0, 0.0, 0.0)",
PLAYER_LOCATION,54893,3/14/2024 10:08:10 AM,ac0d2d09-0fbb-4dd9-8461-51b420c20ae1,1.4,"(1.9, 1.8, 1.2)","(0.0, 0.0, 0.0)","(0.0, 0.0, 0.0)",
PLAYER_LOCATION,55393,3/14/2024 10:08:10 AM,ac0d2d09-0fbb-4dd9-8461-51b420c20ae1,1.4,"(1.9, 1.8, 1.2)","(0.0, 0.0, 0.0)","(0.0, 0.0, 0.0)",
PLAYER_LOCATION,55393,3/14/2024 10:08:10 AM,ac0d2d09-0fbb-4dd9-8461-51b420c20ae1,1.4,"(1.9, 1.8, 1.2)","(0.0, 0.0, 0.0)","(0.0, 0.0, 0.0)",
PLAYER_LOCATION,55899,3/14/2024 10:08:11 AM,ac0d2d09-0fbb-4dd9-8461-51b420c20ae1,1.4,"(1.9, 1.8, 1.2)","(0.0, 0.0, 0.0)","(0.0, 0.0, 0.0)",
PLAYER_LOCATION,55899,3/14/2024 10:08:11 AM,ac0d2d09-0fbb-4dd9-8461-51b420c20ae1,1.4,"(1.9, 1.8, 1.2)","(0.0, 0.0, 0.0)","(0.0, 0.0, 0.0)",
PLAYER_LOCATION,56400,3/14/2024 10:08:11 AM,ac0d2d09-0fbb-4dd9-8461-51b420c20ae1,1.4,"(1.9, 1.8, 1.2)","(0.0, 0.0, 0.0)","(0.0, 0.0, 0.0)",
PLAYER_LOCATION,56400,3/14/2024 10:08:11 AM,ac0d2d09-0fbb-4dd9-8461-51b420c20ae1,1.4,"(1.9, 1.8, 1.2)","(0.0, 0.0, 0.0)","(0.0, 0.0, 0.0)",
PLAYER_LOCATION,56901,3/14/2024 10:08:12 AM,ac0d2d09-0fbb-4dd9-8461-51b420c20ae1,1.4,"(1.9, 1.8, 1.2)","(0.0, 0.0, 0.0)","(0.0, 0.0, 0.0)",
PLAYER_LOCATION,56901,3/14/2024 10:08:12 AM,ac0d2d09-0fbb-4dd9-8461-51b420c20ae1,1.4,"(1.9, 1.8, 1.2)","(0.0, 0.0, 0.0)","(0.0, 0.0, 0.0)",
PLAYER_LOCATION,57402,3/14/2024 10:08:12 AM,ac0d2d09-0fbb-4dd9-8461-51b420c20ae1,1.4,"(1.9, 1.8, 1.2)","(0.0, 0.0, 0.0)","(0.0, 0.0, 0.0)",
PLAYER_LOCATION,57402,3/14/2024 10:08:12 AM,ac0d2d09-0fbb-4dd9-8461-51b420c20ae1,1.4,"(1.9, 1.8, 1.2)","(0.0, 0.0, 0.0)","(0.0, 0.0, 0.0)",
PLAYER_LOCATION,57903,3/14/2024 10:08:13 AM,ac0d2d09-0fbb-4dd9-8461-51b420c20ae1,1.4,"(1.9, 1.8, 1.2)","(0.0, 0.0, 0.0)","(0.0, 0.0, 0.0)",
PLAYER_LOCATION,57903,3/14/2024 10:08:13 AM,ac0d2d09-0fbb-4dd9-8461-51b420c20ae1,1.4,"(1.9, 1.8, 1.2)","(0.0, 0.0, 0.0)","(0.0, 0.0, 0.0)",
PLAYER_LOCATION,58404,3/14/2024 10:08:13 AM,ac0d2d09-0fbb-4dd9-8461-51b420c20ae1,1.4,"(1.9, 1.8, 1.2)","(0.0, 0.0, 0.0)","(0.0, 0.0, 0.0)",
PLAYER_LOCATION,58404,3/14/2024 10:08:13 AM,ac0d2d09-0fbb-4dd9-8461-51b420c20ae1,1.4,"(1.9, 1.8, 1.2)","(0.0, 0.0, 0.0)","(0.0, 0.0, 0.0)",
PLAYER_LOCATION,58905,3/14/2024 10:08:14 AM,ac0d2d09-0fbb-4dd9-8461-51b420c20ae1,1.4,"(1.9, 1.8, 1.2)","(0.0, 0.0, 0.0)","(0.0, 0.0, 0.0)",
PLAYER_LOCATION,58905,3/14/2024 10:08:14 AM,ac0d2d09-0fbb-4dd9-8461-51b420c20ae1,1.4,"(1.9, 1.8, 1.2)","(0.0, 0.0, 0.0)","(0.0, 0.0, 0.0)",
PLAYER_LOCATION,59405,3/14/2024 10:08:14 AM,ac0d2d09-0fbb-4dd9-8461-51b420c20ae1,1.4,"(1.9, 1.8, 1.2)","(0.0, 0.0, 0.0)","(0.0, 0.0, 0.0)",
PLAYER_LOCATION,59405,3/14/2024 10:08:14 AM,ac0d2d09-0fbb-4dd9-8461-51b420c20ae1,1.4,"(1.9, 1.8, 1.2)","(0.0, 0.0, 0.0)","(0.0, 0.0, 0.0)",
PLAYER_LOCATION,59906,3/14/2024 10:08:15 AM,ac0d2d09-0fbb-4dd9-8461-51b420c20ae1,1.4,"(1.9, 1.8, 1.2)","(0.0, 0.0, 0.0)","(0.0, 0.0, 0.0)",
PLAYER_LOCATION,59906,3/14/2024 10:08:15 AM,ac0d2d09-0fbb-4dd9-8461-51b420c20ae1,1.4,"(1.9, 1.8, 1.2)","(0.0, 0.0, 0.0)","(0.0, 0.0, 0.0)",
PLAYER_LOCATION,60406,3/14/2024 10:08:15 AM,ac0d2d09-0fbb-4dd9-8461-51b420c20ae1,1.4,"(1.9, 1.8, 1.2)","(0.0, 0.0, 0.0)","(0.0, 0.0, 0.0)",
PLAYER_LOCATION,60406,3/14/2024 10:08:15 AM,ac0d2d09-0fbb-4dd9-8461-51b420c20ae1,1.4,"(1.9, 1.8, 1.2)","(0.0, 0.0, 0.0)","(0.0, 0.0, 0.0)",
PLAYER_LOCATION,60907,3/14/2024 10:08:16 AM,ac0d2d09-0fbb-4dd9-8461-51b420c20ae1,1.4,"(1.9, 1.8, 1.2)","(0.0, 0.0, 0.0)","(0.0, 0.0, 0.0)",
PLAYER_LOCATION,60907,3/14/2024 10:08:16 AM,ac0d2d09-0fbb-4dd9-8461-51b420c20ae1,1.4,"(1.9, 1.8, 1.2)","(0.0, 0.0, 0.0)","(0.0, 0.0, 0.0)",
PLAYER_LOCATION,61408,3/14/2024 10:08:16 AM,ac0d2d09-0fbb-4dd9-8461-51b420c20ae1,1.4,"(1.9, 1.8, 1.2)","(0.0, 0.0, 0.0)","(0.0, 0.0, 0.0)",
PLAYER_LOCATION,61408,3/14/2024 10:08:16 AM,ac0d2d09-0fbb-4dd9-8461-51b420c20ae1,1.4,"(1.9, 1.8, 1.2)","(0.0, 0.0, 0.0)","(0.0, 0.0, 0.0)",
PLAYER_LOCATION,61909,3/14/2024 10:08:17 AM,ac0d2d09-0fbb-4dd9-8461-51b420c20ae1,1.4,"(1.9, 1.8, 1.2)","(0.0, 0.0, 0.0)","(0.0, 0.0, 0.0)",
PLAYER_LOCATION,61909,3/14/2024 10:08:17 AM,ac0d2d09-0fbb-4dd9-8461-51b420c20ae1,1.4,"(1.9, 1.8, 1.2)","(0.0, 0.0, 0.0)","(0.0, 0.0, 0.0)",
PLAYER_LOCATION,62409,3/14/2024 10:08:17 AM,ac0d2d09-0fbb-4dd9-8461-51b420c20ae1,1.4,"(1.9, 1.8, 1.2)","(0.0, 0.0, 0.0)","(0.0, 0.0, 0.0)",
PLAYER_LOCATION,62409,3/14/2024 10:08:17 AM,ac0d2d09-0fbb-4dd9-8461-51b420c20ae1,1.4,"(1.9, 1.8, 1.2)","(0.0, 0.0, 0.0)","(0.0, 0.0, 0.0)",
PLAYER_LOCATION,62913,3/14/2024 10:08:18 AM,ac0d2d09-0fbb-4dd9-8461-51b420c20ae1,1.4,"(1.9, 1.8, 1.2)","(0.0, 0.0, 0.0)","(0.0, 0.0, 0.0)",
PLAYER_LOCATION,62913,3/14/2024 10:08:18 AM,ac0d2d09-0fbb-4dd9-8461-51b420c20ae1,1.4,"(1.9, 1.8, 1.2)","(0.0, 0.0, 0.0)","(0.0, 0.0, 0.0)",
PLAYER_LOCATION,63415,3/14/2024 10:08:18 AM,ac0d2d09-0fbb-4dd9-8461-51b420c20ae1,1.4,"(1.9, 1.8, 1.2)","(0.0, 0.0, 0.0)","(0.0, 0.0, 0.0)",
PLAYER_LOCATION,63415,3/14/2024 10:08:18 AM,ac0d2d09-0fbb-4dd9-8461-51b420c20ae1,1.4,"(1.9, 1.8, 1.2)","(0.0, 0.0, 0.0)","(0.0, 0.0, 0.0)",
PLAYER_LOCATION,63916,3/14/2024 10:08:19 AM,ac0d2d09-0fbb-4dd9-8461-51b420c20ae1,1.4,"(1.9, 1.8, 1.2)","(0.0, 0.0, 0.0)","(0.0, 0.0, 0.0)",
PLAYER_LOCATION,63916,3/14/2024 10:08:19 AM,ac0d2d09-0fbb-4dd9-8461-51b420c20ae1,1.4,"(1.9, 1.8, 1.2)","(0.0, 0.0, 0.0)","(0.0, 0.0, 0.0)",
PLAYER_LOCATION,64416,3/14/2024 10:08:19 AM,ac0d2d09-0fbb-4dd9-8461-51b420c20ae1,1.4,"(1.9, 1.8, 1.2)","(0.0, 0.0, 0.0)","(0.0, 0.0, 0.0)",
PLAYER_LOCATION,64416,3/14/2024 10:08:19 AM,ac0d2d09-0fbb-4dd9-8461-51b420c20ae1,1.4,"(1.9, 1.8, 1.2)","(0.0, 0.0, 0.0)","(0.0, 0.0, 0.0)",
PLAYER_LOCATION,64916,3/14/2024 10:08:20 AM,ac0d2d09-0fbb-4dd9-8461-51b420c20ae1,1.4,"(1.9, 1.8, 1.2)","(0.0, 0.0, 0.0)","(0.0, 0.0, 0.0)",
PLAYER_LOCATION,64916,3/14/2024 10:08:20 AM,ac0d2d09-0fbb-4dd9-8461-51b420c20ae1,1.4,"(1.9, 1.8, 1.2)","(0.0, 0.0, 0.0)","(0.0, 0.0, 0.0)",
PLAYER_LOCATION,65419,3/14/2024 10:08:20 AM,ac0d2d09-0fbb-4dd9-8461-51b420c20ae1,1.4,"(1.9, 1.8, 1.2)","(0.0, 0.0, 0.0)","(0.0, 0.0, 0.0)",
PLAYER_LOCATION,65419,3/14/2024 10:08:20 AM,ac0d2d09-0fbb-4dd9-8461-51b420c20ae1,1.4,"(1.9, 1.8, 1.2)","(0.0, 0.0, 0.0)","(0.0, 0.0, 0.0)",
